edge_id,u,v,distance_km,road_class,free_speed_kmph,lanes
rd_00000,jn_248525401,jn_248525402,0.1415,primary,40.0,3
rd_00001,jn_13392231543,jn_298775392,0.0865,primary,40.0,2
rd_00002,jn_287793735,jn_245615180,0.0706,primary,40.0,3
rd_00003,jn_12077171235,jn_246171016,0.3557,primary,40.0,5
rd_00004,jn_294076319,jn_11664358424,0.1521,primary,40.0,2
rd_00005,jn_435252002,jn_249585502,0.0881,primary,40.0,2
rd_00006,jn_12128943147,jn_665062617,0.0595,primary,40.0,4
rd_00007,jn_249096054,jn_249140778,0.0592,primary_link,30.0,2
rd_00008,jn_1836983541,jn_429001182,0.3294,primary,40.0,2
rd_00009,jn_12460840938,jn_9870839712,0.0494,primary,40.0,2
rd_00010,jn_9870839712,jn_4903183637,0.3636,primary,40.0,2
rd_00011,jn_2571434008,jn_4761188839,0.4915,primary,40.0,2
rd_00012,jn_245615180,jn_249081348,0.0546,primary,40.0,5
rd_00013,jn_11854316021,jn_9870882717,0.4411,primary,50.0,3
rd_00014,jn_10282796511,jn_10282796509,0.0264,trunk,40.0,3
rd_00015,jn_11220661004,jn_11220661003,0.0119,primary_link,30.0,2
rd_00016,jn_13392231547,jn_286681951,0.0242,primary,40.0,2
rd_00017,jn_286681951,jn_298830984,0.0367,primary,40.0,2
rd_00018,jn_13392231547,jn_12067366799,0.2778,primary_link,30.0,2
rd_00019,jn_296030036,jn_2405870182,0.2161,primary,40.0,2
rd_00020,jn_296030027,jn_7142097531,0.4756,primary,40.0,2
rd_00021,jn_2462943601,jn_12145487311,0.4201,primary,40.0,2
rd_00022,jn_294082867,jn_2014710929,0.0181,primary,40.0,2
rd_00023,jn_4937863372,jn_4937863371,0.2383,primary,40.0,2
rd_00024,jn_428420790,jn_428420786,0.1619,primary_link,30.0,2
rd_00025,jn_428457166,jn_428457143,0.0398,primary,40.0,2
rd_00026,jn_428435126,jn_9910066830,0.1447,primary,20.0,2
rd_00027,jn_1636820444,jn_3755576612,0.0293,primary,40.0,2
rd_00028,jn_3309317524,jn_429230952,0.0566,primary,40.0,2
rd_00029,jn_286679311,jn_12128921370,0.1939,primary,40.0,5
rd_00030,jn_429286743,jn_1435578877,0.1051,primary_link,30.0,2
rd_00031,jn_1560168993,jn_429723996,0.22,primary_link,30.0,2
rd_00032,jn_347295555,jn_12121597668,0.0381,primary,40.0,2
rd_00033,jn_7697940571,jn_11432437448,0.1733,primary,40.0,3
rd_00034,jn_12466460037,jn_12466460038,0.0263,primary,40.0,2
rd_00035,jn_10861673593,jn_249141559,0.0249,primary,40.0,2
rd_00036,jn_7105069820,jn_435252002,0.3157,primary,40.0,2
rd_00037,jn_296030030,jn_11451187932,0.1805,primary,40.0,2
rd_00038,jn_11451187932,jn_13875839413,0.2174,primary,40.0,2
rd_00039,jn_13875839413,jn_11841864042,0.0447,primary,40.0,2
rd_00040,jn_286679575,jn_294083077,0.061,primary,40.0,2
rd_00041,jn_294083077,jn_12421958516,0.0818,primary,40.0,2
rd_00042,jn_12421958516,jn_13985347516,0.2424,primary,40.0,2
rd_00043,jn_13985347516,jn_12129943986,0.1344,primary,40.0,2
rd_00044,jn_12129943986,jn_5558684129,0.0317,primary,40.0,2
rd_00045,jn_4582284826,jn_13793214289,0.0493,primary,40.0,2
rd_00046,jn_13793214289,jn_4829124435,0.6804,primary,40.0,2
rd_00047,jn_12459218191,jn_8239947053,0.9681,primary,40.0,2
rd_00048,jn_494238031,jn_247974980,0.0253,trunk,60.0,3
rd_00049,jn_494271084,jn_10282769907,0.1351,trunk_link,35.0,2
rd_00050,jn_5965902017,jn_494271084,0.105,trunk,60.0,2
rd_00051,jn_597084152,jn_597084032,0.1149,primary_link,30.0,2
rd_00052,jn_597084145,jn_597084147,0.1003,primary_link,30.0,2
rd_00053,jn_12141911045,jn_663311696,0.0694,primary,40.0,4
rd_00054,jn_1650305476,jn_663596583,0.0348,primary,40.0,2
rd_00055,jn_7697940571,jn_11432437452,0.0093,primary,40.0,1
rd_00056,jn_10044013422,jn_665062617,0.0318,primary_link,30.0,2
rd_00057,jn_663313892,jn_663313886,0.0711,primary_link,30.0,2
rd_00058,jn_12430010319,jn_679993301,0.0128,primary,40.0,2
rd_00059,jn_429726436,jn_347295555,0.0392,primary_link,30.0,2
rd_00060,jn_956653671,jn_3371785042,0.3256,primary_link,30.0,2
rd_00061,jn_1560168993,jn_687332600,0.2815,primary_link,30.0,2
rd_00062,jn_248671287,jn_699704164,1.1335,trunk,60.0,2
rd_00063,jn_248809645,jn_1522519216,0.093,primary,40.0,2
rd_00064,jn_1053901121,jn_2411279226,0.208,trunk,50.0,3
rd_00065,jn_428435133,jn_1067769842,0.0222,primary,20.0,2
rd_00066,jn_12111889674,jn_428435131,0.0583,primary,20.0,2
rd_00067,jn_1070314234,jn_1070314200,0.5481,trunk_link,40.0,2
rd_00068,jn_306591433,jn_650085372,0.0403,primary_link,30.0,2
rd_00069,jn_260911861,jn_6137525101,0.5127,primary,40.0,2
rd_00070,jn_6137525101,jn_12617824683,0.433,primary,40.0,2
rd_00071,jn_4703745954,jn_1355297532,0.0097,primary_link,30.0,2
rd_00072,jn_1355297532,jn_1355297535,0.0303,primary_link,30.0,2
rd_00073,jn_3740962472,jn_3740962455,0.1096,primary,40.0,3
rd_00074,jn_460976059,jn_4937863377,1.2121,primary,50.0,2
rd_00075,jn_4937863377,jn_11898860861,0.0112,primary,50.0,2
rd_00076,jn_10043935989,jn_7479071341,0.0263,primary,40.0,2
rd_00077,jn_1620344798,jn_443224605,0.463,primary,40.0,2
rd_00078,jn_246171016,jn_248525401,0.4716,primary,40.0,2
rd_00079,jn_1364038689,jn_12712338634,0.1144,trunk,60.0,2
rd_00080,jn_13459522649,jn_251146209,0.2341,primary,40.0,2
rd_00081,jn_1435578873,jn_1435578897,0.0881,primary_link,30.0,2
rd_00082,jn_1435578897,jn_2631157973,0.044,primary_link,30.0,2
rd_00083,jn_1442068027,jn_1442068016,0.0721,primary_link,30.0,2
rd_00084,jn_3755576616,jn_3755576612,0.0659,primary,40.0,2
rd_00085,jn_251099555,jn_1454651961,0.0075,primary_link,30.0,2
rd_00086,jn_1469034694,jn_1469034722,0.0299,primary_link,30.0,2
rd_00087,jn_245613696,jn_10043935988,0.0269,primary,30.0,2
rd_00088,jn_10043935988,jn_4761188837,0.4563,primary,30.0,2
rd_00089,jn_10601663791,jn_1523537403,0.0379,primary_link,30.0,2
rd_00090,jn_12129943986,jn_1560168984,0.2316,primary_link,30.0,2
rd_00091,jn_1568922443,jn_429230952,0.0696,primary_link,30.0,2
rd_00092,jn_249140778,jn_428457166,0.4069,primary,40.0,2
rd_00093,jn_251146209,jn_1434179293,0.036,primary_link,30.0,2
rd_00094,jn_249081348,jn_286679311,0.075,primary,40.0,2
rd_00095,jn_286679311,jn_12128943145,0.0605,primary,40.0,2
rd_00096,jn_12128943147,jn_287793735,0.0525,primary,40.0,2
rd_00097,jn_1613154924,jn_1613154923,0.0114,trunk_link,35.0,2
rd_00098,jn_248525402,jn_12110804692,0.0441,primary,40.0,3
rd_00099,jn_4761188838,jn_6462712325,0.7078,primary,40.0,3
rd_00100,jn_6462712325,jn_308915753,0.1487,primary,40.0,3
rd_00101,jn_1634804562,jn_1634804475,0.0169,trunk_link,35.0,2
rd_00102,jn_597084152,jn_597083726,0.0511,primary,40.0,4
rd_00103,jn_1636820444,jn_10015684285,0.0336,primary,40.0,2
rd_00104,jn_12430010318,jn_679993301,0.0614,primary,40.0,2
rd_00105,jn_679993301,jn_12260962526,0.0133,primary,40.0,2
rd_00106,jn_1636820409,jn_12421958516,0.19,primary,40.0,2
rd_00107,jn_12421958516,jn_10841729419,0.012,primary,40.0,2
rd_00108,jn_6463569335,jn_12186005569,0.754,primary,40.0,2
rd_00109,jn_1645178560,jn_6463569335,0.2899,primary,40.0,2
rd_00110,jn_12147813608,jn_665045355,0.2647,primary,30.0,3
rd_00111,jn_665045355,jn_1837595282,0.0879,primary,30.0,3
rd_00112,jn_245615180,jn_428420786,0.1508,primary,40.0,3
rd_00113,jn_429001197,jn_1668866520,0.0903,primary_link,30.0,2
rd_00114,jn_11890755678,jn_1483859318,0.8842,trunk,50.0,2
rd_00115,jn_12452723320,jn_13459544127,0.0118,primary,30.0,2
rd_00116,jn_1723790725,jn_1723790753,0.0661,trunk_link,35.0,2
rd_00117,jn_1472878464,jn_10282796509,0.0878,trunk_link,35.0,2
rd_00118,jn_10282769907,jn_10282769905,0.0575,trunk_link,35.0,2
rd_00119,jn_10282769905,jn_13748051108,0.0986,trunk_link,35.0,2
rd_00120,jn_11964724285,jn_1472248456,0.4552,primary,60.0,3
rd_00121,jn_1436067882,jn_12099941385,0.1758,primary,40.0,5
rd_00122,jn_249084139,jn_1780334125,0.0557,trunk,50.0,2
rd_00123,jn_1837757332,jn_5011416423,0.1247,primary,40.0,2
rd_00124,jn_12110804692,jn_12139082473,0.5485,primary,40.0,2
rd_00125,jn_3526181364,jn_1808871358,0.0934,primary,40.0,2
rd_00126,jn_1808871358,jn_1808871337,0.0709,primary,40.0,2
rd_00127,jn_1808871337,jn_10020593111,0.0597,primary,40.0,2
rd_00128,jn_10020593111,jn_296030030,0.0308,primary,40.0,2
rd_00129,jn_1820387918,jn_1820382285,0.2916,primary_link,40.0,2
rd_00130,jn_10042490427,jn_4703697696,1.0515,primary,40.0,2
rd_00131,jn_4703697696,jn_2402397430,0.011,primary,40.0,2
rd_00132,jn_11868178724,jn_429286798,0.0162,primary,40.0,2
rd_00133,jn_12068481108,jn_12068481109,0.0246,primary,40.0,2
rd_00134,jn_12068481109,jn_683068022,0.0148,primary,40.0,2
rd_00135,jn_1836983204,jn_1836983267,0.1321,motorway,80.0,3
rd_00136,jn_1836983267,jn_1836983313,0.1291,motorway,80.0,3
rd_00137,jn_1836983204,jn_1836983260,0.1146,motorway_link,40.0,2
rd_00138,jn_1836983260,jn_1836983374,0.2288,motorway_link,40.0,2
rd_00139,jn_1836983313,jn_733498684,0.2002,motorway_link,40.0,2
rd_00140,jn_733498647,jn_1836983279,0.2461,motorway_link,40.0,2
rd_00141,jn_12059785443,jn_1836983389,0.2754,motorway_link,40.0,2
rd_00142,jn_13652819893,jn_1836983211,0.3837,motorway_link,40.0,2
rd_00143,jn_1472248450,jn_11964440742,0.2923,primary,60.0,2
rd_00144,jn_1472248447,jn_7479071341,0.1067,primary_link,30.0,1
rd_00145,jn_7479071341,jn_245613696,0.0104,primary_link,30.0,1
rd_00146,jn_1837285030,jn_1837285037,0.012,primary_link,30.0,2
rd_00147,jn_10016225540,jn_1837595282,0.0333,primary_link,30.0,2
rd_00148,jn_12466460036,jn_2228006075,0.3683,primary,40.0,2
rd_00149,jn_12466460036,jn_12466460037,0.0087,primary,40.0,2
rd_00150,jn_10075533183,jn_11432458996,0.012,primary,40.0,2
rd_00151,jn_11432458996,jn_11432437452,0.174,primary,40.0,2
rd_00152,jn_296030006,jn_11469851352,0.0118,primary,40.0,2
rd_00153,jn_11469851352,jn_11919462587,0.4028,primary,40.0,2
rd_00154,jn_1837823400,jn_1845220002,0.4599,primary,40.0,2
rd_00155,jn_432504284,jn_249083003,0.0225,primary_link,30.0,2
rd_00156,jn_296030030,jn_11937017208,0.0424,primary,40.0,2
rd_00157,jn_11937017208,jn_412905225,0.1033,primary,40.0,2
rd_00158,jn_1355297532,jn_6884057005,0.9626,primary,40.0,2
rd_00159,jn_6884057005,jn_10588574300,0.0265,primary,40.0,2
rd_00160,jn_12111889674,jn_428435126,0.0859,primary,20.0,2
rd_00161,jn_1820423092,jn_7142722739,0.0197,primary,40.0,2
rd_00162,jn_1931866151,jn_1931866158,0.022,primary,40.0,2
rd_00163,jn_12198472129,jn_11940280169,0.0557,motorway_link,40.0,2
rd_00164,jn_1836983279,jn_1942843905,0.1361,motorway,80.0,3
rd_00165,jn_1942843905,jn_1836983206,0.0704,motorway,80.0,3
rd_00166,jn_1836983206,jn_10695037231,0.1689,motorway,80.0,3
rd_00167,jn_2014710951,jn_2014710968,0.0356,primary,40.0,2
rd_00168,jn_2014710968,jn_956653671,0.1634,primary,40.0,2
rd_00169,jn_2014710915,jn_2014710968,0.0202,primary_link,30.0,2
rd_00170,jn_2014710968,jn_2014710885,0.0398,primary_link,30.0,2
rd_00171,jn_597084149,jn_597083493,0.1015,primary_link,30.0,2
rd_00172,jn_2017901962,jn_2017901946,0.0745,primary_link,30.0,2
rd_00173,jn_2017901960,jn_2017901919,0.0694,primary_link,30.0,2
rd_00174,jn_2017901954,jn_2017901929,0.0604,primary_link,30.0,2
rd_00175,jn_2017901935,jn_2017901963,0.0571,primary_link,30.0,2
rd_00176,jn_1912811931,jn_2017901954,0.1549,primary_link,30.0,2
rd_00177,jn_306591433,jn_11306430808,0.0589,primary,50.0,2
rd_00178,jn_2105846890,jn_1707859865,0.0316,primary_link,30.0,2
rd_00179,jn_2177302370,jn_2227865026,0.2557,primary,50.0,2
rd_00180,jn_2190851926,jn_597083726,0.1217,primary_link,30.0,1
rd_00181,jn_1837285037,jn_12067366803,1.4848,primary,40.0,2
rd_00182,jn_12067366802,jn_1837285030,1.4938,primary,40.0,2
rd_00183,jn_458263319,jn_11425338076,0.007,primary,40.0,2
rd_00184,jn_11425338076,jn_428420790,0.5289,primary,40.0,2
rd_00185,jn_428420790,jn_663313892,0.0781,primary,40.0,2
rd_00186,jn_2177268811,jn_2017901960,0.2614,primary_link,30.0,2
rd_00187,jn_12803624101,jn_12433045764,0.0224,primary,40.0,3
rd_00188,jn_10282796511,jn_1723790753,0.0512,trunk_link,35.0,2
rd_00189,jn_2406966812,jn_2406966810,0.0103,trunk_link,30.0,2
rd_00190,jn_747663279,jn_1608973482,0.1459,primary,30.0,1
rd_00191,jn_1837722503,jn_2411848579,0.0125,trunk_link,35.0,2
rd_00192,jn_2411279230,jn_12059785441,0.2671,trunk,50.0,2
rd_00193,jn_12059785441,jn_12059785442,0.124,trunk,50.0,2
rd_00194,jn_2462943601,jn_294076319,0.06,primary,40.0,2
rd_00195,jn_1808871358,jn_1808871362,0.0096,primary,40.0,2
rd_00196,jn_2471287779,jn_2471287780,0.0133,trunk_link,35.0,2
rd_00197,jn_11964440742,jn_6137525100,0.4831,primary,40.0,2
rd_00198,jn_6137525100,jn_11809900885,0.5008,primary,40.0,2
rd_00199,jn_12136946748,jn_12136946747,0.0056,primary,40.0,3
rd_00200,jn_2446058688,jn_699585967,0.417,trunk,60.0,2
rd_00201,jn_12059785439,jn_10001906065,0.1225,motorway_link,40.0,2
rd_00202,jn_10001906065,jn_1836983267,0.0789,motorway_link,40.0,2
rd_00203,jn_2411279734,jn_2516269463,0.2084,trunk,50.0,3
rd_00204,jn_1837339316,jn_11889038534,0.16,primary,40.0,2
rd_00205,jn_11889038534,jn_320644590,0.0132,primary,40.0,2
rd_00206,jn_2509423121,jn_1123386062,0.1151,trunk_link,30.0,2
rd_00207,jn_1435578876,jn_2630925110,0.0449,primary_link,30.0,2
rd_00208,jn_2630925110,jn_2630925128,0.0549,primary_link,30.0,2
rd_00209,jn_12099941385,jn_665045371,0.032,primary_link,30.0,2
rd_00210,jn_2659540024,jn_11055003321,0.0192,primary_link,30.0,2
rd_00211,jn_412905225,jn_296030036,0.1464,primary,40.0,2
rd_00212,jn_320644590,jn_12077162815,0.1351,primary,40.0,2
rd_00213,jn_12073881084,jn_9509948868,0.9878,trunk,60.0,3
rd_00214,jn_9509948868,jn_12153044352,0.4081,trunk,60.0,3
rd_00215,jn_12153044352,jn_6212001626,0.3629,trunk,60.0,3
rd_00216,jn_6212001626,jn_1472212755,0.9033,trunk,60.0,3
rd_00217,jn_1472212755,jn_9797838896,0.2388,trunk,60.0,3
rd_00218,jn_1723795924,jn_1123386062,0.0811,trunk,40.0,3
rd_00219,jn_429724016,jn_294084041,0.0601,primary,40.0,2
rd_00220,jn_4044263600,jn_11854316018,0.0122,primary,40.0,2
rd_00221,jn_1232953264,jn_9363518171,0.3425,primary,30.0,3
rd_00222,jn_1780334138,jn_3351393278,0.1016,trunk_link,40.0,2
rd_00223,jn_13985175970,jn_13985175981,0.0614,primary,40.0,2
rd_00224,jn_13985175981,jn_13985175976,0.0508,primary,40.0,2
rd_00225,jn_13985175976,jn_699576768,0.0089,primary,40.0,2
rd_00226,jn_11308901218,jn_11308901224,0.0119,trunk,50.0,2
rd_00227,jn_12580905289,jn_3356003416,0.0248,primary,40.0,2
rd_00228,jn_3356003416,jn_3356003420,0.1247,primary,40.0,2
rd_00229,jn_13088766702,jn_13088766704,0.0233,primary_link,30.0,2
rd_00230,jn_1650296797,jn_1454651965,0.2365,primary,40.0,2
rd_00231,jn_8239947030,jn_4397429402,0.9698,primary,40.0,2
rd_00232,jn_3500889364,jn_294082867,0.4999,primary,40.0,2
rd_00233,jn_3500889364,jn_294084041,0.0387,primary,40.0,2
rd_00234,jn_10121033916,jn_11342970531,0.1491,primary,40.0,2
rd_00235,jn_263155937,jn_11854384388,0.1451,primary,40.0,3
rd_00236,jn_11854384388,jn_11854384389,0.0178,primary,40.0,3
rd_00237,jn_10121296057,jn_11854384390,0.4622,primary,40.0,3
rd_00238,jn_11854384390,jn_3755973278,0.0176,primary,40.0,3
rd_00239,jn_3755973278,jn_12147813613,0.0975,primary,40.0,3
rd_00240,jn_12147813613,jn_2382044454,0.0414,primary,40.0,3
rd_00241,jn_2509423122,jn_3740373535,0.0405,trunk_link,35.0,2
rd_00242,jn_3740962430,jn_3740962222,0.0134,primary_link,30.0,2
rd_00243,jn_3740962455,jn_3740962448,0.0146,primary_link,30.0,2
rd_00244,jn_3755576616,jn_1636820456,0.0355,primary,40.0,2
rd_00245,jn_6904892124,jn_2014710929,0.0122,primary,40.0,2
rd_00246,jn_11727919672,jn_2659540024,0.2034,primary_link,30.0,2
rd_00247,jn_1469034694,jn_458263319,0.0292,primary,40.0,2
rd_00248,jn_343453369,jn_1364038689,0.8619,trunk,60.0,3
rd_00250,jn_12712338634,jn_1129371503,0.173,trunk,60.0,3
rd_00251,jn_1634804475,jn_10198856005,0.4851,trunk,60.0,3
rd_00252,jn_10781678444,jn_11873442663,0.2214,trunk,40.0,3
rd_00253,jn_3803663193,jn_1827634843,0.0218,primary_link,30.0,2
rd_00254,jn_11509998750,jn_11428038817,0.3063,trunk,60.0,3
rd_00255,jn_10056058174,jn_11509998741,0.1116,trunk,60.0,3
rd_00256,jn_1645178612,jn_1083500529,0.9656,trunk,50.0,3
rd_00257,jn_3740373535,jn_10118500634,0.0534,trunk_link,80.0,2
rd_00258,jn_11892824102,jn_1645178560,1.0054,trunk,60.0,3
rd_00259,jn_1645178560,jn_650141496,0.0251,trunk,60.0,3
rd_00260,jn_2509423122,jn_12196449735,0.0327,trunk,80.0,2
rd_00261,jn_12196449735,jn_2509423121,0.0268,trunk,80.0,2
rd_00262,jn_10282796509,jn_3805003790,0.0109,trunk,40.0,3
rd_00263,jn_1601910085,jn_2411848579,0.9694,trunk,60.0,3
rd_00264,jn_2411848579,jn_11846775959,0.0323,trunk,60.0,3
rd_00265,jn_2411859758,jn_12551629150,0.1144,trunk,60.0,3
rd_00266,jn_12551629150,jn_343453369,0.102,trunk,60.0,3
rd_00267,jn_1634804563,jn_12949319033,0.293,trunk,40.0,3
rd_00268,jn_12949319033,jn_12765645851,0.1124,trunk,40.0,3
rd_00269,jn_11260020609,jn_5398408451,0.1345,trunk,60.0,3
rd_00270,jn_5398408451,jn_2406966812,0.0461,trunk,60.0,3
rd_00271,jn_10147078393,jn_13903770309,0.0608,trunk,60.0,3
rd_00272,jn_13903770309,jn_11873774240,0.2087,trunk,60.0,3
rd_00273,jn_11873774240,jn_1319974914,0.4476,trunk,60.0,3
rd_00274,jn_1614318730,jn_11428038813,0.093,trunk,60.0,3
rd_00275,jn_11428038813,jn_11428038815,0.125,trunk,60.0,3
rd_00276,jn_11428038815,jn_12060861662,0.5173,trunk,60.0,3
rd_00277,jn_12060646333,jn_12060646335,0.0086,trunk,50.0,2
rd_00278,jn_294082867,jn_2014710951,0.0223,primary,40.0,2
rd_00279,jn_282765938,jn_4029938937,0.6969,primary,40.0,3
rd_00280,jn_3351393276,jn_3351393277,0.0105,trunk_link,35.0,2
rd_00281,jn_12430010318,jn_679993270,0.0841,primary_link,30.0,2
rd_00282,jn_10848486797,jn_10848498213,0.0616,primary,40.0,2
rd_00283,jn_2473493601,jn_10043357422,0.0113,primary,30.0,2
rd_00284,jn_4380549643,jn_4380549647,0.0076,primary,40.0,2
rd_00285,jn_343338911,jn_12099941393,0.4224,primary,40.0,3
rd_00286,jn_428858185,jn_249083738,0.4872,trunk,50.0,2
rd_00287,jn_1636820472,jn_1636820456,0.023,primary,40.0,2
rd_00288,jn_2014710929,jn_3500889364,0.4862,primary,40.0,2
rd_00289,jn_687332600,jn_2014710915,0.1886,primary,40.0,2
rd_00290,jn_2014710915,jn_294082867,0.0691,primary,40.0,2
rd_00291,jn_1109138340,jn_1109115769,0.2149,primary,40.0,2
rd_00292,jn_1833036999,jn_12538710573,1.4386,trunk,40.0,2
rd_00293,jn_12128943145,jn_12128943147,0.0629,primary,40.0,2
rd_00294,jn_11912120362,jn_11626423750,0.1453,primary,40.0,2
rd_00295,jn_4577065037,jn_296030006,0.0372,primary,40.0,2
rd_00296,jn_248839215,jn_1070314187,0.1007,primary,40.0,2
rd_00297,jn_1723790725,jn_10282796511,0.042,trunk,60.0,3
rd_00298,jn_6130636339,jn_1472248431,0.2331,trunk_link,35.0,2
rd_00299,jn_1472248431,jn_10775075568,0.1718,trunk,60.0,3
rd_00300,jn_245613696,jn_1837005173,0.1805,primary_link,30.0,1
rd_00301,jn_1282881076,jn_298820566,0.1062,primary,40.0,2
rd_00302,jn_298820566,jn_347260618,0.1056,primary,40.0,2
rd_00303,jn_1420105787,jn_11385274476,0.4697,primary,25.0,2
rd_00304,jn_11187974841,jn_12692472176,0.6252,primary,40.0,2
rd_00305,jn_11432437452,jn_11915994482,0.2878,primary,40.0,3
rd_00306,jn_11432437452,jn_10076140416,0.0139,primary,40.0,2
rd_00307,jn_248839215,jn_699576768,0.0064,primary,40.0,2
rd_00308,jn_11964440743,jn_11964440742,0.0144,trunk,50.0,2
rd_00309,jn_308915754,jn_260911861,0.0117,primary,40.0,2
rd_00310,jn_1931866158,jn_4703697696,0.0105,primary,40.0,2
rd_00311,jn_2402397430,jn_1820423092,0.0132,primary,40.0,2
rd_00312,jn_1820423092,jn_1931866158,0.0105,primary,40.0,2
rd_00313,jn_12136946749,jn_12136946748,0.0128,primary,40.0,2
rd_00314,jn_12136946748,jn_6504283888,0.9152,primary,40.0,2
rd_00315,jn_6504283888,jn_6463361105,0.5904,primary,40.0,2
rd_00316,jn_699585967,jn_11846423573,0.2283,trunk_link,35.0,2
rd_00317,jn_10089395705,jn_11846423575,0.1631,trunk_link,35.0,2
rd_00318,jn_6518859300,jn_307407783,0.4228,trunk,60.0,3
rd_00319,jn_307407783,jn_2509428534,0.1241,trunk,60.0,3
rd_00320,jn_12068481111,jn_12068481108,0.0111,primary_link,30.0,2
rd_00321,jn_7124643395,jn_5559151372,0.5235,primary,40.0,2
rd_00322,jn_308233404,jn_11873241829,0.2876,primary,40.0,2
rd_00323,jn_5558663791,jn_5558663790,0.2527,primary,40.0,2
rd_00324,jn_12553312315,jn_427531054,0.1985,primary_link,30.0,1
rd_00325,jn_2014690200,jn_263155937,0.1287,primary,40.0,3
rd_00326,jn_4937863371,jn_251361753,0.1584,primary,40.0,2
rd_00327,jn_5558684093,jn_4937863372,0.3373,primary,40.0,2
rd_00328,jn_427531036,jn_12553312314,0.1984,primary_link,30.0,1
rd_00329,jn_1650305476,jn_2014690200,0.1433,primary_link,30.0,2
rd_00330,jn_4960830631,jn_1650305517,0.0569,primary_link,30.0,2
rd_00331,jn_9840444265,jn_6504283889,0.4317,primary,40.0,2
rd_00332,jn_6504283889,jn_4976834447,0.2242,primary,40.0,2
rd_00333,jn_3641907747,jn_663596583,0.1107,primary_link,30.0,2
rd_00334,jn_1522519216,jn_12143918021,0.0629,primary,40.0,2
rd_00335,jn_12040966310,jn_5067333236,0.2173,primary,40.0,4
rd_00336,jn_4937863377,jn_427531036,0.2125,primary_link,30.0,1
rd_00337,jn_12145575442,jn_5558684094,0.1556,primary,40.0,2
rd_00338,jn_10706501852,jn_11915994481,0.2239,primary,40.0,3
rd_00339,jn_11915994481,jn_10076140416,0.2879,primary,40.0,3
rd_00340,jn_3740962448,jn_3740962463,0.1092,primary,40.0,3
rd_00341,jn_6485070843,jn_736207380,0.2686,primary,40.0,2
rd_00342,jn_736207380,jn_11494414328,0.6325,primary,40.0,2
rd_00343,jn_13830269254,jn_6904901489,0.0181,primary,40.0,2
rd_00344,jn_3387938695,jn_10075533189,0.1111,primary,40.0,2
rd_00345,jn_663311721,jn_663311718,0.0333,primary,40.0,2
rd_00346,jn_663311718,jn_12141911042,0.0538,primary,40.0,2
rd_00347,jn_5346634656,jn_5346634658,0.0135,primary_link,30.0,2
rd_00348,jn_11308901220,jn_11308901219,0.0131,trunk,50.0,2
rd_00349,jn_11308901224,jn_11308901220,0.016,trunk,50.0,2
rd_00350,jn_13242907757,jn_249084139,0.0082,trunk,50.0,2
rd_00351,jn_5372340496,jn_266371138,0.0432,trunk_link,35.0,2
rd_00352,jn_5774292417,jn_5774293614,0.0257,primary_link,30.0,2
rd_00353,jn_5774293614,jn_12278137174,0.9436,primary,50.0,3
rd_00354,jn_7478154680,jn_13823559216,0.3872,primary,50.0,3
rd_00355,jn_4105324822,jn_10855370147,0.0165,trunk,40.0,3
rd_00356,jn_442075239,jn_12174556588,0.1951,trunk,60.0,3
rd_00357,jn_12174556588,jn_442107152,0.8096,trunk,60.0,3
rd_00358,jn_12186005568,jn_747663279,0.8043,primary,40.0,2
rd_00359,jn_1232953300,jn_1232953264,0.0454,primary,30.0,2
rd_00360,jn_12128921370,jn_3309317524,0.2512,primary,40.0,2
rd_00361,jn_650085190,jn_12709621385,0.034,primary,60.0,3
rd_00362,jn_10091564875,jn_494238127,0.0143,primary,40.0,2
rd_00363,jn_1723795924,jn_10282796511,0.0119,trunk,50.0,2
rd_00364,jn_6130764691,jn_11977577698,0.0119,trunk_link,35.0,2
rd_00365,jn_3740962463,jn_3740962472,0.0138,primary_link,30.0,2
rd_00366,jn_6137525101,jn_6137525100,0.0112,primary_link,30.0,2
rd_00367,jn_1109138341,jn_1109138339,0.2142,primary,40.0,2
rd_00368,jn_12164906649,jn_6195907989,0.2458,trunk,50.0,3
rd_00369,jn_6195907989,jn_11890386335,0.3219,trunk,50.0,3
rd_00370,jn_10043935988,jn_10043935989,0.0099,primary_link,30.0,2
rd_00371,jn_10043935989,jn_1472248450,0.1465,primary_link,30.0,2
rd_00372,jn_6454765747,jn_6454765746,0.013,primary_link,30.0,2
rd_00373,jn_5776596292,jn_264845660,0.3049,primary,50.0,3
rd_00374,jn_428457162,jn_2177302381,0.02,primary,40.0,2
rd_00375,jn_1568922443,jn_3309317524,0.0712,primary,40.0,2
rd_00376,jn_3309317524,jn_12077162815,0.0105,primary,40.0,2
rd_00377,jn_429230952,jn_11889038543,0.2183,primary,40.0,2
rd_00378,jn_11889038543,jn_1836983541,0.095,primary,40.0,2
rd_00379,jn_6195907989,jn_6460998724,0.011,trunk_link,35.0,2
rd_00380,jn_6462712325,jn_6462712324,0.0117,primary_link,30.0,2
rd_00381,jn_6463361106,jn_6463361105,0.0071,primary_link,30.0,2
rd_00382,jn_1836983313,jn_1836983389,0.1991,motorway,60.0,2
rd_00383,jn_13652819893,jn_1836983279,0.2487,motorway,60.0,2
rd_00384,jn_6504283889,jn_6504283888,0.008,primary_link,30.0,2
rd_00385,jn_11964724285,jn_11964724284,0.0123,primary,40.0,2
rd_00386,jn_10054362309,jn_1109138337,0.0953,primary,40.0,2
rd_00387,jn_1109138333,jn_7236205673,0.0984,primary,40.0,2
rd_00388,jn_11707460711,jn_334473774,0.0481,primary_link,30.0,2
rd_00389,jn_11846423569,jn_6852266950,0.1611,trunk_link,35.0,2
rd_00390,jn_4703745979,jn_6884057005,0.0115,primary_link,30.0,2
rd_00391,jn_6884057005,jn_256093166,0.1967,primary_link,30.0,2
rd_00392,jn_249082836,jn_2462943601,0.0322,primary,40.0,2
rd_00393,jn_428457189,jn_248455441,0.0186,primary,40.0,2
rd_00394,jn_6894860920,jn_428457189,0.0202,primary,40.0,2
rd_00395,jn_9644745253,jn_12060646334,0.0082,trunk,50.0,2
rd_00396,jn_6914123408,jn_6914123407,0.0127,trunk_link,35.0,2
rd_00397,jn_13823559215,jn_6785135507,1.5342,primary,50.0,3
rd_00398,jn_1931866158,jn_2402397423,0.0097,primary,40.0,2
rd_00399,jn_11306430809,jn_11306430808,0.0131,primary,50.0,2
rd_00400,jn_1837823395,jn_1837823400,0.0131,primary,40.0,2
rd_00401,jn_12827961143,jn_1523537403,0.0231,primary,40.0,2
rd_00402,jn_10601663791,jn_12827961143,0.0232,primary,40.0,2
rd_00403,jn_3641907747,jn_2014690200,0.0444,primary,40.0,2
rd_00404,jn_699690700,jn_1780334138,0.2435,trunk,40.0,2
rd_00405,jn_429001182,jn_1632815598,0.1558,primary,40.0,2
rd_00406,jn_248455450,jn_428435133,0.2536,primary,40.0,2
rd_00407,jn_428435133,jn_13321896550,0.0168,primary,40.0,2
rd_00408,jn_1067789550,jn_6894860920,0.0072,primary,40.0,2
rd_00409,jn_13507201652,jn_10043357422,0.0209,primary,30.0,3
rd_00410,jn_597084145,jn_597083493,0.0463,primary,40.0,2
rd_00411,jn_597083493,jn_11731358826,0.3084,primary,40.0,2
rd_00412,jn_249082836,jn_294076319,0.0514,primary,40.0,2
rd_00413,jn_428457157,jn_428457159,0.0102,primary,40.0,2
rd_00414,jn_428457159,jn_428457162,0.0091,primary,40.0,2
rd_00415,jn_7236205673,jn_6164077017,0.0172,primary_link,30.0,2
rd_00416,jn_308915757,jn_7279246841,0.0141,primary_link,30.0,2
rd_00417,jn_7288010086,jn_7287551941,0.5345,primary,40.0,2
rd_00418,jn_665062621,jn_10044013422,0.0446,primary,40.0,4
rd_00419,jn_10044013422,jn_287793735,0.0385,primary,40.0,4
rd_00420,jn_12430010319,jn_347295555,0.0282,primary,40.0,2
rd_00421,jn_11494406068,jn_10091900775,0.4263,primary,40.0,2
rd_00422,jn_7483782050,jn_7483782046,0.0262,primary_link,30.0,2
rd_00424,jn_13379577436,jn_12040966323,2.0703,primary,40.0,2
rd_00425,jn_12969313169,jn_13379577435,1.941,primary,40.0,2
rd_00426,jn_9300140602,jn_1526130481,0.1187,primary,40.0,2
rd_00427,jn_12692472178,jn_12692472179,0.0087,primary,40.0,2
rd_00428,jn_12136946746,jn_12136946749,0.0053,primary,40.0,2
rd_00429,jn_12136946749,jn_3298493355,0.0256,primary,40.0,2
rd_00430,jn_650085190,jn_9506746889,0.0758,primary_link,30.0,3
rd_00431,jn_12709621385,jn_9506746889,0.0504,primary,40.0,2
rd_00432,jn_9509948867,jn_9509948868,0.01,trunk_link,35.0,2
rd_00433,jn_1307598719,jn_12099941393,0.0144,primary,40.0,2
rd_00434,jn_12099941393,jn_665045371,0.0445,primary,40.0,3
rd_00435,jn_2014710885,jn_6904892154,0.1984,primary_link,30.0,2
rd_00436,jn_6196977039,jn_9593357279,0.0125,trunk_link,35.0,2
rd_00437,jn_12060646335,jn_9644745253,0.009,trunk,50.0,2
rd_00438,jn_12060646334,jn_12060646333,0.0098,trunk,50.0,3
rd_00439,jn_308232375,jn_9872645115,0.081,primary,40.0,2
rd_00440,jn_597083726,jn_7276500276,0.1257,primary,40.0,4
rd_00441,jn_7479003431,jn_9708788396,0.0088,primary_link,30.0,2
rd_00442,jn_2014710951,jn_2014710885,0.0562,primary,40.0,2
rd_00443,jn_6904892124,jn_2014710951,0.0231,primary,40.0,2
rd_00444,jn_251142775,jn_9713090749,0.0133,primary,40.0,2
rd_00445,jn_9713090749,jn_5558684074,0.1238,primary,40.0,2
rd_00446,jn_9713090749,jn_9713090750,0.0122,primary_link,30.0,2
rd_00447,jn_11220661003,jn_12151494704,0.0098,primary,50.0,3
rd_00448,jn_12151494704,jn_5773497557,0.0872,primary,50.0,3
rd_00449,jn_9713090750,jn_3170033020,0.3139,primary,40.0,2
rd_00450,jn_6212001626,jn_6884196049,0.0181,trunk_link,35.0,2
rd_00451,jn_5773497557,jn_7736381406,0.01,primary_link,30.0,2
rd_00452,jn_3805003790,jn_13748051109,0.0248,trunk,60.0,3
rd_00453,jn_1070361761,jn_6454765747,0.517,primary,60.0,2
rd_00454,jn_9870882717,jn_9870839712,0.0268,primary_link,30.0,2
rd_00455,jn_9872645115,jn_9632587606,0.0229,primary,40.0,2
rd_00456,jn_256093166,jn_7479003431,0.6912,primary,40.0,2
rd_00457,jn_1723790753,jn_6130636339,0.0302,trunk_link,35.0,2
rd_00458,jn_10001436746,jn_10001436747,0.0388,primary_link,30.0,2
rd_00459,jn_2228006075,jn_12159312912,0.0356,primary_link,30.0,2
rd_00460,jn_10001906065,jn_1836983260,0.0111,motorway_link,40.0,2
rd_00461,jn_1636820456,jn_1636820444,0.0129,primary,40.0,2
rd_00462,jn_10042490435,jn_12759058196,0.0062,primary,40.0,2
rd_00463,jn_12759058196,jn_10042490427,0.0334,primary,40.0,2
rd_00464,jn_1524720263,jn_10054362309,0.0148,primary_link,30.0,2
rd_00465,jn_10056058173,jn_10056058174,0.0093,trunk_link,35.0,2
rd_00466,jn_11432437448,jn_11432458994,0.0123,primary,40.0,2
rd_00467,jn_4044263600,jn_11432458996,0.298,primary,50.0,2
rd_00468,jn_11432458996,jn_11432437448,0.0109,primary,50.0,2
rd_00469,jn_6458424298,jn_10091564875,0.0149,primary_link,30.0,2
rd_00470,jn_6130070511,jn_12151458578,0.4245,primary,50.0,3
rd_00471,jn_1123386062,jn_10081538827,0.0516,trunk,50.0,1
rd_00472,jn_428457180,jn_459656124,0.1204,primary,40.0,2
rd_00473,jn_6884208291,jn_5776756937,0.0247,primary,50.0,3
rd_00474,jn_10980051591,jn_10978687876,0.0323,primary,40.0,3
rd_00475,jn_3805003790,jn_4105324822,0.0122,trunk,80.0,2
rd_00476,jn_4105324822,jn_12196449734,0.1022,trunk_link,80.0,2
rd_00477,jn_12196449734,jn_3740373535,0.0238,trunk_link,80.0,2
rd_00478,jn_679993301,jn_679993270,0.0425,primary,40.0,2
rd_00479,jn_679993270,jn_11594592050,0.1247,primary,40.0,2
rd_00480,jn_11964440742,jn_10282769895,0.0167,trunk,60.0,2
rd_00481,jn_4761188837,jn_1070361724,0.0111,primary,40.0,2
rd_00482,jn_4761188838,jn_4761188839,0.0116,primary,40.0,2
rd_00483,jn_1070361724,jn_4761188838,0.0127,primary,40.0,3
rd_00484,jn_4761188837,jn_11964724285,0.6618,primary,40.0,3
rd_00485,jn_4761188839,jn_4761188837,0.013,primary,40.0,2
rd_00486,jn_305091341,jn_5960671740,0.3121,primary,40.0,2
rd_00487,jn_5960671740,jn_4761188838,0.009,primary,40.0,2
rd_00488,jn_10121050217,jn_10121033916,0.0139,primary,40.0,2
rd_00489,jn_1467779068,jn_12068481129,0.1036,primary,40.0,2
rd_00490,jn_1837823406,jn_1837823400,0.058,primary,40.0,2
rd_00491,jn_1837823400,jn_7142097531,0.0228,primary,40.0,2
rd_00492,jn_10198856004,jn_10198856005,0.0144,trunk_link,35.0,2
rd_00493,jn_9708788396,jn_10648669088,0.6931,primary,40.0,2
rd_00494,jn_10648669088,jn_10588574300,0.1903,primary_link,30.0,2
rd_00495,jn_10588574300,jn_10588579709,0.0133,primary_link,30.0,2
rd_00496,jn_7236205673,jn_308232372,0.0308,primary,40.0,2
rd_00497,jn_11896602259,jn_494238048,0.3671,trunk,50.0,3
rd_00498,jn_2268121004,jn_10676264308,0.0079,primary_link,30.0,2
rd_00499,jn_13088766702,jn_2017901963,0.0439,primary_link,30.0,2
rd_00500,jn_2017901963,jn_12165431788,0.1478,primary_link,30.0,2
rd_00501,jn_2017901946,jn_248181106,0.2618,primary_link,30.0,2
rd_00502,jn_13088766703,jn_13088766702,0.0291,primary_link,30.0,2
rd_00503,jn_263155937,jn_2382044454,0.016,primary,40.0,2
rd_00504,jn_11854316018,jn_11854316017,0.0079,primary,30.0,3
rd_00505,jn_10001436747,jn_249782468,0.2472,primary,40.0,2
rd_00506,jn_11308901219,jn_11308901218,0.0168,trunk,50.0,2
rd_00507,jn_3820268530,jn_10042490435,0.2252,primary,40.0,2
rd_00508,jn_12466460039,jn_12466460036,0.0253,primary,40.0,2
rd_00509,jn_7483782046,jn_1837757332,0.1992,primary_link,30.0,2
rd_00510,jn_10282769895,jn_5965902017,0.1085,trunk,60.0,2
rd_00511,jn_3677662641,jn_1420105787,0.2668,primary,40.0,2
rd_00512,jn_10695037231,jn_1836983152,0.055,motorway_link,40.0,2
rd_00513,jn_304771894,jn_305091341,0.1488,primary,40.0,2
rd_00514,jn_10705897751,jn_1620344798,0.1441,primary,40.0,2
rd_00515,jn_13088766704,jn_13088766705,0.0299,primary_link,30.0,2
rd_00516,jn_2017901954,jn_13088766704,0.0392,primary_link,30.0,2
rd_00517,jn_12058807535,jn_12718284170,0.0764,primary,40.0,2
rd_00518,jn_12466460038,jn_12466460039,0.0094,primary,40.0,2
rd_00519,jn_11494185468,jn_11494201269,0.0139,primary_link,30.0,2
rd_00520,jn_2017901960,jn_13088766703,0.0416,primary_link,30.0,2
rd_00521,jn_11494201269,jn_7277381418,0.0931,primary,40.0,2
rd_00522,jn_494238048,jn_494238030,0.2666,primary_link,50.0,3
rd_00523,jn_2017901962,jn_13088766705,0.0476,primary_link,30.0,2
rd_00524,jn_9797838896,jn_13337723222,0.406,trunk,80.0,3
rd_00525,jn_10781678444,jn_6758638990,0.0144,trunk_link,35.0,2
rd_00526,jn_309592695,jn_304771894,0.4598,primary,40.0,2
rd_00527,jn_10792812731,jn_1070314187,0.2172,primary_link,30.0,2
rd_00528,jn_10814827774,jn_429286798,0.1483,primary_link,30.0,2
rd_00529,jn_3393612016,jn_12553312315,0.007,primary,40.0,2
rd_00530,jn_10011206080,jn_334473824,0.0533,primary,30.0,2
rd_00531,jn_13088766705,jn_2017901946,0.0506,primary_link,30.0,2
rd_00532,jn_13088766705,jn_13088766703,0.0231,primary_link,30.0,2
rd_00533,jn_10848486797,jn_10848486804,0.0057,primary,40.0,2
rd_00534,jn_10848486804,jn_10848498207,0.0137,primary,40.0,2
rd_00535,jn_10848498213,jn_3526181364,0.0076,primary,40.0,2
rd_00536,jn_10848498213,jn_10848486804,0.0608,primary,40.0,2
rd_00537,jn_10855370147,jn_1723795924,0.0165,trunk,40.0,3
rd_00538,jn_10282796509,jn_10855370147,0.0143,trunk_link,35.0,2
rd_00539,jn_12692472177,jn_11494414330,0.6277,primary,40.0,2
rd_00540,jn_11494414328,jn_11187974841,0.0094,primary,40.0,2
rd_00541,jn_12159312913,jn_10861673593,0.0079,primary,40.0,2
rd_00542,jn_494238031,jn_13958170247,0.1542,primary_link,30.0,2
rd_00543,jn_11070754935,jn_11070754936,0.0092,trunk_link,35.0,2
rd_00544,jn_9593357279,jn_618248521,0.3804,trunk,80.0,3
rd_00545,jn_6884196049,jn_6914123407,0.5131,trunk,80.0,3
rd_00546,jn_6914123407,jn_1613154923,0.2413,trunk,60.0,3
rd_00547,jn_1613154923,jn_12073881080,0.3257,trunk,60.0,3
rd_00548,jn_11152753310,jn_11152753307,0.0379,primary_link,30.0,2
rd_00549,jn_3740962430,jn_3387938695,0.0118,primary,40.0,2
rd_00550,jn_11891038829,jn_11891177921,0.0909,trunk,50.0,2
rd_00551,jn_6130070511,jn_5776596292,0.0123,primary_link,30.0,2
rd_00552,jn_11955031767,jn_5398408451,0.0552,trunk_link,35.0,2
rd_00553,jn_11260020609,jn_11260020610,0.0244,trunk_link,35.0,1
rd_00554,jn_11278822050,jn_2411279734,0.0449,trunk_link,50.0,1
rd_00555,jn_2411279226,jn_2402241107,0.0426,trunk_link,35.0,1
rd_00556,jn_7287984426,jn_13072953748,0.8427,primary,40.0,2
rd_00557,jn_10792812731,jn_1070314188,0.0738,primary,40.0,2
rd_00558,jn_1070314188,jn_248839215,0.0856,primary,40.0,2
rd_00559,jn_2177302381,jn_428457166,0.0082,primary,40.0,2
rd_00560,jn_11385274476,jn_11497616783,0.0148,primary,40.0,2
rd_00561,jn_2385141390,jn_650141496,0.0202,trunk_link,30.0,2
rd_00562,jn_11428038813,jn_11428038812,0.0127,trunk_link,35.0,2
rd_00563,jn_11428038815,jn_11428038814,0.0208,trunk_link,35.0,2
rd_00564,jn_11428038817,jn_11428038816,0.0114,trunk_link,35.0,2
rd_00565,jn_4976834425,jn_6463361106,0.5229,primary,40.0,2
rd_00566,jn_663311718,jn_10978687876,0.0384,primary_link,30.0,1
rd_00567,jn_2387123504,jn_3803663193,0.017,primary,40.0,2
rd_00568,jn_1319974913,jn_1319974914,0.009,trunk_link,35.0,1
rd_00569,jn_11626423750,jn_11626423748,0.0205,primary_link,30.0,2
rd_00570,jn_3351054485,jn_2411279230,0.0555,trunk_link,35.0,2
rd_00571,jn_248455441,jn_1067789550,0.0207,primary,40.0,2
rd_00572,jn_12452722458,jn_12452723320,0.0446,primary,40.0,2
rd_00573,jn_4703745954,jn_11494406068,0.1241,primary,40.0,2
rd_00574,jn_10588579709,jn_4703745979,0.0257,primary,40.0,2
rd_00575,jn_251099557,jn_4703745979,0.1434,primary_link,30.0,2
rd_00576,jn_10588579709,jn_11405479407,0.1369,primary_link,30.0,2
rd_00577,jn_699576794,jn_4582284826,0.0169,primary,40.0,2
rd_00578,jn_1723827217,jn_11306430808,0.021,primary,60.0,2
rd_00579,jn_9632587591,jn_308232863,0.012,primary_link,30.0,2
rd_00580,jn_12136946747,jn_12136946746,0.0132,primary,40.0,2
rd_00581,jn_11809900885,jn_11809900886,0.0123,primary,40.0,2
rd_00582,jn_260911861,jn_11809900885,0.0155,primary,40.0,2
rd_00583,jn_11846388767,jn_11846423569,0.0323,trunk_link,35.0,2
rd_00584,jn_11846423573,jn_11846423571,0.032,trunk_link,35.0,2
rd_00585,jn_11846423575,jn_11846423578,0.027,trunk_link,35.0,2
rd_00586,jn_11846775959,jn_11846775960,0.0116,trunk_link,35.0,2
rd_00587,jn_3755973278,jn_11854384388,0.0151,primary_link,30.0,2
rd_00588,jn_11854384389,jn_11854384390,0.0157,primary_link,30.0,2
rd_00589,jn_11868178724,jn_11868178727,0.0487,primary_link,30.0,2
rd_00590,jn_620136201,jn_620136177,0.1437,primary_link,30.0,2
rd_00591,jn_12129943982,jn_10841729419,0.0811,primary,40.0,2
rd_00592,jn_11432458994,jn_10075533183,0.0113,primary,30.0,2
rd_00593,jn_11873442663,jn_11873442664,0.0143,trunk_link,35.0,1
rd_00594,jn_11873774240,jn_12157177352,0.0106,trunk_link,35.0,1
rd_00595,jn_1109138340,jn_1109138338,0.0192,primary_link,30.0,2
rd_00596,jn_12159915452,jn_1109138339,0.0054,primary_link,30.0,2
rd_00597,jn_1109138336,jn_1109138333,0.0371,primary_link,30.0,2
rd_00598,jn_1109138337,jn_1472178357,0.0237,primary_link,30.0,2
rd_00599,jn_10054362316,jn_308232375,0.0074,primary_link,30.0,2
rd_00600,jn_11873939567,jn_1837378526,0.0081,primary_link,30.0,2
rd_00601,jn_9632587601,jn_1114550091,0.0938,primary_link,30.0,2
rd_00602,jn_11420343302,jn_11888422024,0.0328,primary_link,30.0,2
rd_00603,jn_11890386336,jn_11890386335,0.0136,trunk_link,35.0,2
rd_00604,jn_11890755678,jn_11890755679,0.0113,trunk_link,35.0,2
rd_00605,jn_11891177921,jn_11891177922,0.0145,trunk_link,35.0,2
rd_00606,jn_11891258386,jn_11891274610,0.1279,primary,40.0,2
rd_00607,jn_11891274610,jn_11891274609,0.0111,primary_link,30.0,2
rd_00608,jn_11892824101,jn_11892824102,0.0229,trunk_link,35.0,2
rd_00609,jn_11896602258,jn_11896602259,0.01,trunk_link,35.0,2
rd_00610,jn_11903564939,jn_12203527486,0.0146,primary,40.0,2
rd_00611,jn_11912120361,jn_11912120362,0.0054,primary_link,30.0,2
rd_00612,jn_11915994481,jn_11915994482,0.0147,primary_link,30.0,2
rd_00613,jn_11919462587,jn_1845220002,0.0083,primary,40.0,2
rd_00614,jn_11927462288,jn_11927462289,0.0087,trunk_link,35.0,2
rd_00615,jn_10020593111,jn_11937017208,0.0437,primary,40.0,2
rd_00616,jn_2407745357,jn_11977577699,0.0168,trunk_link,35.0,2
rd_00617,jn_1707859994,jn_660676770,0.0487,primary,40.0,2
rd_00618,jn_1780334125,jn_11891038829,0.0628,trunk,50.0,2
rd_00619,jn_12068481109,jn_12068481110,0.0107,primary_link,30.0,2
rd_00620,jn_12068481110,jn_11152753307,0.0319,primary_link,30.0,2
rd_00621,jn_11152753310,jn_12068481110,0.02,primary,40.0,2
rd_00622,jn_12068481110,jn_12068481111,0.0241,primary,40.0,2
rd_00623,jn_13088766704,jn_2017901929,0.0373,primary_link,30.0,2
rd_00624,jn_12040966323,jn_12040966310,0.3132,primary,40.0,2
rd_00626,jn_12059785443,jn_12059785442,0.0201,trunk_link,35.0,2
rd_00627,jn_12060861661,jn_12060861662,0.0129,trunk_link,35.0,1
rd_00628,jn_6454765746,jn_12451306639,0.5439,primary,60.0,3
rd_00629,jn_12119649210,jn_428435131,0.0142,primary,40.0,2
rd_00630,jn_12430010318,jn_12121597668,0.015,primary_link,30.0,2
rd_00631,jn_2385133858,jn_12129307874,0.0199,trunk_link,35.0,2
rd_00632,jn_12129943982,jn_294083077,0.012,primary_link,30.0,2
rd_00633,jn_12009305216,jn_5776756937,0.0097,primary_link,30.0,2
rd_00634,jn_11054990209,jn_11727919672,0.1156,primary_link,30.0,2
rd_00635,jn_11055003321,jn_11727919672,0.0502,primary_link,30.0,3
rd_00636,jn_308915753,jn_11809900886,0.0602,primary,25.0,3
rd_00637,jn_11809900886,jn_308915754,0.0133,primary,25.0,3
rd_00638,jn_5011416423,jn_3356003416,0.0122,primary,40.0,2
rd_00639,jn_12145487310,jn_12145487314,0.0089,primary,40.0,2
rd_00640,jn_11469851352,jn_1808871252,0.005,primary,40.0,2
rd_00641,jn_12147813613,jn_12147813608,0.042,primary_link,30.0,1
rd_00642,jn_6484995887,jn_7456579066,0.0112,trunk_link,60.0,2
rd_00643,jn_12151494704,jn_12151458578,0.0124,primary_link,30.0,2
rd_00644,jn_12151458578,jn_11220661004,0.0099,primary,50.0,3
rd_00645,jn_11220661004,jn_2099691626,0.0843,primary,50.0,3
rd_00646,jn_10980051591,jn_12141911042,0.0222,primary,40.0,2
rd_00647,jn_12153044351,jn_12153044352,0.0125,trunk_link,35.0,2
rd_00648,jn_12159312919,jn_10001768724,0.0481,primary,40.0,2
rd_00649,jn_12159312913,jn_12159312912,0.0249,primary,40.0,4
rd_00650,jn_12159312912,jn_12159312919,0.0512,primary,40.0,4
rd_00651,jn_12067366799,jn_12067366802,0.0188,primary,40.0,2
rd_00652,jn_2227865026,jn_2177268811,0.6214,primary,50.0,2
rd_00653,jn_6182547078,jn_12174556588,0.2724,trunk,50.0,2
rd_00654,jn_12186005568,jn_12186005569,0.0077,primary_link,30.0,2
rd_00655,jn_2385133857,jn_12196449734,0.0256,trunk_link,35.0,2
rd_00656,jn_12196449734,jn_12196449735,0.0384,trunk_link,35.0,2
rd_00657,jn_11940280169,jn_1836983206,0.0579,motorway_link,40.0,2
rd_00658,jn_1942843905,jn_11940280169,0.0567,motorway_link,40.0,2
rd_00659,jn_12203527486,jn_6463569335,0.0061,primary,40.0,2
rd_00660,jn_12099921833,jn_12099921832,0.0389,primary,40.0,2
rd_00661,jn_12141911062,jn_12141911057,0.0168,primary,40.0,2
rd_00662,jn_7280461394,jn_7260788996,0.0702,primary,40.0,2
rd_00663,jn_1707859865,jn_1707859994,0.0378,primary,40.0,2
rd_00664,jn_8044105316,jn_296030036,0.0067,primary,40.0,2
rd_00665,jn_12145770301,jn_296030006,0.0066,primary,40.0,2
rd_00666,jn_12273334034,jn_12273334035,0.0202,trunk_link,35.0,2
rd_00667,jn_1177192105,jn_6182547078,0.21,trunk,60.0,3
rd_00668,jn_10775075568,jn_11964440743,0.0181,trunk,60.0,3
rd_00669,jn_11494414330,jn_11494414329,0.0094,primary,40.0,2
rd_00670,jn_12692472179,jn_12692472177,0.0102,primary,40.0,2
rd_00671,jn_12692472177,jn_12692472176,0.0099,primary,40.0,3
rd_00672,jn_1808871252,jn_12145770301,0.0131,primary,40.0,2
rd_00673,jn_429723996,jn_11065716857,0.0288,primary_link,30.0,1
rd_00674,jn_12429035787,jn_12429035783,0.0264,primary_link,30.0,1
rd_00675,jn_12433045764,jn_10121033916,0.171,primary,40.0,3
rd_00676,jn_249075524,jn_7287518216,0.226,primary,40.0,2
rd_00677,jn_12151470605,jn_12151470604,0.0083,primary,30.0,2
rd_00678,jn_12459218188,jn_7287571766,0.0124,primary_link,30.0,2
rd_00679,jn_4829124435,jn_249075524,0.3713,primary,40.0,2
rd_00680,jn_12531390537,jn_12452722458,0.2431,primary,40.0,2
rd_00681,jn_12551629150,jn_12551629144,0.0266,trunk_link,35.0,2
rd_00682,jn_494076705,jn_494238030,0.0301,trunk,50.0,2
rd_00683,jn_10282769895,jn_10775075568,0.0156,primary,40.0,2
rd_00684,jn_12278137174,jn_12279397378,0.0127,primary_link,30.0,2
rd_00685,jn_12059785439,jn_1836983374,0.1876,trunk,50.0,2
rd_00686,jn_12059785442,jn_733498684,0.0667,trunk,50.0,3
rd_00687,jn_12648799089,jn_12648799090,0.0085,trunk_link,35.0,2
rd_00688,jn_12672273597,jn_355427195,0.0459,trunk_link,35.0,2
rd_00689,jn_12718284170,jn_248525409,0.0146,primary,40.0,2
rd_00690,jn_248525409,jn_428457171,0.0102,primary,40.0,2
rd_00691,jn_11891177921,jn_11891274610,0.0787,primary,40.0,2
rd_00692,jn_12765645851,jn_12765645853,0.0109,trunk_link,35.0,2
rd_00693,jn_12803624101,jn_12827961143,0.0092,primary,40.0,2
rd_00694,jn_12803586900,jn_12803624101,0.0141,primary,40.0,3
rd_00695,jn_10601663791,jn_12433045764,0.0144,primary_link,30.0,2
rd_00696,jn_494238030,jn_4701311831,0.018,primary,40.0,2
rd_00697,jn_247974980,jn_494271104,0.7997,trunk,60.0,3
rd_00698,jn_5011416423,jn_12896232268,0.0361,primary,40.0,2
rd_00699,jn_12143918021,jn_5011416423,0.0119,primary,40.0,2
rd_00700,jn_1472878464,jn_10282769905,0.008,trunk_link,35.0,2
rd_00701,jn_12949319030,jn_12949319033,0.0196,trunk_link,35.0,2
rd_00702,jn_11809900885,jn_6462712324,0.2067,primary,40.0,2
rd_00703,jn_6462712324,jn_2571434008,0.216,primary,40.0,2
rd_00704,jn_12145487310,jn_12145487311,0.0203,primary,40.0,1
rd_00705,jn_1636820490,jn_1636820472,0.008,primary,40.0,2
rd_00706,jn_4976834447,jn_12136946747,0.6953,primary,40.0,2
rd_00707,jn_12492308064,jn_8239947030,0.2165,primary,40.0,2
rd_00708,jn_12692472176,jn_12692472178,0.0095,primary,40.0,2
rd_00709,jn_12638260402,jn_13076886164,0.0061,trunk_link,35.0,2
rd_00710,jn_6261560648,jn_7478154680,1.1527,primary,50.0,3
rd_00711,jn_3422938693,jn_2630925110,0.0281,primary_link,30.0,2
rd_00712,jn_13820094376,jn_13820094377,0.0092,trunk_link,35.0,2
rd_00713,jn_428435131,jn_13321896550,0.0185,primary,40.0,2
rd_00714,jn_13321896550,jn_1067781007,0.0137,primary,20.0,2
rd_00715,jn_1067781007,jn_12119649210,0.0183,primary,40.0,2
rd_00716,jn_1067789545,jn_13343865545,0.0228,primary_link,30.0,2
rd_00717,jn_13344267422,jn_13344267423,0.0213,primary_link,30.0,2
rd_00718,jn_4701311831,jn_10853180817,0.0698,primary,40.0,2
rd_00719,jn_4397429402,jn_12459218188,0.0092,primary,40.0,2
rd_00720,jn_10853180817,jn_7287571766,0.2294,primary,40.0,2
rd_00721,jn_7287571766,jn_12459218191,0.0084,primary,40.0,2
rd_00722,jn_12459218191,jn_4397429402,0.0126,primary_link,30.0,2
rd_00723,jn_11964724284,jn_12709621386,0.0059,primary,60.0,3
rd_00724,jn_12709621385,jn_11964724285,0.0067,primary,60.0,3
rd_00725,jn_12709621386,jn_12709621385,0.0119,primary,40.0,2
rd_00726,jn_12452722458,jn_13459544127,0.0585,primary,40.0,2
rd_00727,jn_13459522650,jn_13459522649,0.0081,primary_link,30.0,2
rd_00728,jn_13507201652,jn_13507201648,0.0254,primary_link,30.0,2
rd_00729,jn_1067769842,jn_9910066830,0.1556,primary,20.0,2
rd_00730,jn_12183377237,jn_2192012631,0.1797,primary,40.0,2
rd_00731,jn_251099555,jn_251099557,0.4228,primary,40.0,2
rd_00732,jn_13748051108,jn_13748051109,0.0132,trunk_link,35.0,2
rd_00733,jn_13793214289,jn_1070314188,0.0116,primary,40.0,2
rd_00734,jn_13823559215,jn_13823559216,0.0095,primary_link,30.0,2
rd_00735,jn_13830269254,jn_3756218772,0.0476,primary_link,30.0,2
rd_00736,jn_13875839413,jn_1837823406,0.0961,primary_link,30.0,2
rd_00737,jn_13903770309,jn_13903770310,0.0105,trunk_link,35.0,2
rd_00738,jn_2405870182,jn_412905242,0.0142,primary,40.0,2
rd_00739,jn_1435578897,jn_3422938694,0.0223,primary_link,30.0,2
rd_00740,jn_247991552,jn_2385104004,0.0145,primary_link,30.0,2
rd_00741,jn_2471287780,jn_12683580002,0.1501,trunk,60.0,3
rd_00742,jn_13985175970,jn_13985175980,0.0659,primary_link,30.0,2
rd_00743,jn_13985175980,jn_13985175976,0.0501,primary_link,30.0,2
rd_00744,jn_13985175980,jn_13985175981,0.0102,primary_link,30.0,2
rd_00745,jn_13985347515,jn_13985347516,0.0172,primary_link,30.0,2
rd_00746,jn_12683580002,jn_12683580001,0.0153,trunk_link,35.0,2
rd_00747,jn_14053386212,jn_7287551941,0.0052,primary,40.0,2
rd_00748,jn_428457159,jn_248525409,0.2544,primary,40.0,2
rd_00749,jn_1232963659,jn_248459877,0.1046,primary_link,30.0,2
rd_00750,jn_11688206891,jn_249081146,1.5645,trunk,40.0,2
rd_00751,jn_286654942,jn_5639672729,0.1677,primary,40.0,2
rd_00752,jn_10016225540,jn_665045371,0.4407,primary,40.0,3
rd_00753,jn_10016225540,jn_665045355,0.0989,primary,40.0,3
rd_00754,jn_12433045764,jn_11342970531,0.1592,primary,40.0,3
rd_00755,jn_429724016,jn_427531039,0.2116,primary,40.0,2
rd_00756,jn_9870882717,jn_12460840938,0.0558,primary,48.3,3
rd_00757,jn_309592695,jn_6017833813,0.36,primary,40.0,2
rd_00758,jn_1067781007,jn_248455450,0.278,primary,21.3,2
rd_00759,jn_13392231543,jn_298830984,0.4233,primary_link,30.0,2
rd_00760,jn_10841729419,jn_13985347515,0.2347,primary,40.0,2
rd_00761,jn_347260618,jn_298775277,0.144,primary,40.0,2
rd_00762,jn_296030007,jn_12145770301,0.0709,primary,40.0,2
rd_00763,jn_1129371503,jn_983351470,2.203,primary,40.0,3
rd_00764,jn_286681963,jn_286681951,0.3667,primary_link,30.0,2
rd_00765,jn_298820566,jn_5639672729,0.176,primary_link,30.0,2
rd_00766,jn_1560168993,jn_3371785042,0.035,primary,40.0,2
rd_00767,jn_1808871362,jn_1808871337,0.0708,primary,40.0,2
rd_00768,jn_427531054,jn_13820954186,0.2142,primary_link,30.0,2
rd_00769,jn_1307598719,jn_12099921832,0.8886,primary,40.0,3
rd_00770,jn_248459849,jn_11425338076,0.5509,primary,25.4,2
rd_00771,jn_12111889674,jn_1469034722,0.2596,primary,50.0,2
rd_00772,jn_428858185,jn_1836983541,0.8085,trunk,50.0,2
rd_00773,jn_1837339316,jn_249144370,0.8832,trunk,50.0,2
rd_00774,jn_9355575100,jn_429231089,0.2272,primary,40.0,2
rd_00775,jn_248455441,jn_428457182,0.317,primary,40.0,2
rd_00776,jn_3356616807,jn_12128921370,0.1899,primary,40.0,2
rd_00777,jn_1636820523,jn_11420343302,0.4716,primary,40.0,2
rd_00778,jn_428457157,jn_248525402,0.6294,primary,40.0,2
rd_00779,jn_1454651965,jn_6991440387,0.3075,primary,30.6,2
rd_00780,jn_428435126,jn_428435131,0.0444,primary,40.0,2
rd_00781,jn_248525401,jn_12058807535,0.5472,primary,40.0,2
rd_00782,jn_442107275,jn_442107282,0.2406,trunk_link,39.5,2
rd_00783,jn_4830093911,jn_12580905289,0.1132,primary,40.0,2
rd_00784,jn_6458424298,jn_13958170247,0.071,primary,40.0,2
rd_00785,jn_6458424298,jn_2385104004,0.8732,primary,40.0,2
rd_00786,jn_13958170247,jn_494238048,0.4398,primary,40.0,2
rd_00787,jn_494238124,jn_494238127,0.4921,primary,40.0,2
rd_00788,jn_494238124,jn_494076705,0.2652,primary_link,50.0,3
rd_00789,jn_12459218188,jn_494238031,0.3221,primary,40.0,2
rd_00790,jn_10282769907,jn_1472878464,0.0563,trunk_link,35.0,2
rd_00791,jn_663311721,jn_663311696,0.1821,primary_link,30.0,2
rd_00792,jn_2066368541,jn_458127676,0.2557,primary_link,30.0,2
rd_00793,jn_11891274609,jn_11891177922,0.0775,primary,40.0,2
rd_00794,jn_308233404,jn_11891274609,0.6549,primary,40.0,2
rd_00795,jn_13242907743,jn_249084139,0.0568,trunk,50.0,2
rd_00796,jn_11891258386,jn_699690700,0.2147,primary,40.0,2
rd_00797,jn_733498647,jn_733498684,0.1126,trunk,50.0,3
rd_00798,jn_426962456,jn_1435578873,1.3377,primary,40.0,3
rd_00799,jn_8044105316,jn_296030007,0.2226,primary,40.0,2
rd_00800,jn_4577065037,jn_296030007,0.1151,primary,40.0,2
rd_00801,jn_1109115769,jn_1109138333,0.1752,primary,40.0,2
rd_00802,jn_1109138339,jn_9300140602,0.1216,primary,40.0,2
rd_00803,jn_1109138341,jn_1109138337,0.1747,primary,40.0,2
rd_00804,jn_13459522649,jn_12460840938,0.6137,primary,40.0,2
rd_00805,jn_2630925128,jn_1435578873,0.1959,primary,40.0,2
rd_00806,jn_1436067882,jn_1837595282,0.4147,primary,31.2,3
rd_00807,jn_428457180,jn_248455450,0.9941,primary,31.1,2
rd_00808,jn_248455441,jn_1650296797,0.5656,primary,40.0,2
rd_00809,jn_6991440387,jn_9910066830,0.5538,primary,30.0,3
rd_00810,jn_12145487310,jn_12139153726,0.4189,primary,40.0,2
rd_00811,jn_1472212755,jn_12073881092,8.5216,motorway,59.9,2
rd_00812,jn_3371785042,jn_3755576612,0.0767,primary,40.0,2
rd_00813,jn_1560168984,jn_12429035787,0.258,primary_link,30.9,2
rd_00814,jn_1472248450,jn_1472248456,0.3364,primary,60.0,2
rd_00815,jn_1837005173,jn_1472248447,0.2954,primary,54.4,3
rd_00816,jn_1668866520,jn_1632815598,0.0552,primary,40.0,2
rd_00817,jn_1636820409,jn_1636820542,0.078,primary_link,30.0,2
rd_00818,jn_1636820523,jn_1636820409,0.1077,primary,40.0,2
rd_00819,jn_12147813608,jn_2382044454,0.0245,primary,30.0,3
rd_00820,jn_428420786,jn_248459849,0.6392,primary,40.0,3
rd_00822,jn_13459544127,jn_334473774,0.0668,primary,30.0,2
rd_00823,jn_251142775,jn_10177532404,1.2526,primary,41.7,2
rd_00824,jn_1837595307,jn_1707859865,0.2167,primary,40.0,2
rd_00825,jn_1725677617,jn_618248521,2.1631,motorway,60.0,2
rd_00826,jn_10016225575,jn_10121050217,0.476,primary,40.0,2
rd_00827,jn_12139082473,jn_12466460037,0.7314,primary,40.0,2
rd_00828,jn_3526181364,jn_1808871362,0.3094,primary,40.0,2
rd_00829,jn_11868178724,jn_3756218772,0.3906,primary,40.0,3
rd_00830,jn_13507201648,jn_10043357422,0.0155,primary,40.0,3
rd_00831,jn_13507201648,jn_248455450,0.7766,primary,40.0,3
rd_00832,jn_429001199,jn_249083738,0.2351,trunk_link,35.0,2
rd_00833,jn_1472248456,jn_10043935988,0.1812,primary_link,30.0,2
rd_00834,jn_11890755678,jn_343453369,1.881,trunk,50.0,2
rd_00835,jn_1837297461,jn_442107152,2.7812,trunk,50.0,3
rd_00836,jn_1632815598,jn_9355575100,0.1009,primary,40.0,2
rd_00837,jn_9355575100,jn_249144370,0.274,primary,40.0,2
rd_00838,jn_428858185,jn_429001197,0.249,primary,40.0,2
rd_00839,jn_2066368541,jn_1837378469,0.5631,primary,40.0,2
rd_00840,jn_1837595307,jn_443721750,0.2129,primary_link,30.0,2
rd_00841,jn_2405870182,jn_10848486797,0.1397,primary,40.0,2
rd_00842,jn_11451187932,jn_296030040,0.1837,primary,40.0,2
rd_00843,jn_699576794,jn_699576768,0.0981,primary,40.0,2
rd_00844,jn_1808871252,jn_8044105316,0.277,primary,40.0,2
rd_00845,jn_1845220002,jn_1808871252,0.4074,primary,40.0,2
rd_00846,jn_249782468,jn_7483782046,0.2435,primary_link,30.0,2
rd_00847,jn_5558684094,jn_429001197,0.3707,primary,40.0,2
rd_00848,jn_1837285037,jn_10706381573,1.1608,primary,40.0,2
rd_00849,jn_1837285030,jn_7262972972,1.1739,primary,40.0,2
rd_00850,jn_298775392,jn_347260618,0.2287,primary_link,30.0,2
rd_00851,jn_2411279734,jn_1836983374,0.7654,trunk,50.0,2
rd_00852,jn_2411279230,jn_2411279226,0.4437,trunk,50.0,2
rd_00853,jn_12145487314,jn_432504284,1.139,primary,40.0,2
rd_00854,jn_11964724284,jn_1837005173,0.4576,primary,60.0,4
rd_00855,jn_13337723222,jn_1472248431,0.6618,trunk,61.8,3
rd_00856,jn_9593357279,jn_11664293096,0.2445,trunk,80.0,3
rd_00857,jn_2190851942,jn_597084152,0.6237,primary,40.0,4
rd_00858,jn_9870839700,jn_2659540024,0.1454,primary_link,30.0,2
rd_00859,jn_11054998686,jn_9870839700,0.3059,primary_link,30.0,2
rd_00860,jn_11432437448,jn_10177532404,0.4079,primary,50.0,3
rd_00861,jn_12260962526,jn_286679575,0.4288,primary,40.0,2
rd_00862,jn_11594592050,jn_12129943982,0.276,primary,40.0,2
rd_00863,jn_334473824,jn_1232953300,0.1179,primary,30.0,2
rd_00864,jn_12452723320,jn_1530703051,0.0437,primary_link,30.0,2
rd_00865,jn_11283487985,jn_1232953264,0.0744,primary_link,30.0,2
rd_00866,jn_12692472176,jn_11594569879,0.3557,primary,40.0,3
rd_00867,jn_13985175970,jn_11308901219,1.0461,primary,40.0,2
rd_00868,jn_3356003434,jn_3356003420,0.4321,primary,40.0,2
rd_00869,jn_1837757332,jn_249782468,0.44,primary,41.8,2
rd_00870,jn_650085190,jn_11306430809,0.2306,primary,60.0,3
rd_00871,jn_1454651965,jn_1067789550,0.2684,primary,40.0,2
rd_00872,jn_308915754,jn_11494201269,0.5589,primary,40.0,3
rd_00873,jn_12060646335,jn_494238124,0.7735,trunk,50.0,3
rd_00874,jn_12141911062,jn_597084145,0.336,primary,40.0,2
rd_00875,jn_10121050217,jn_10601663791,0.1756,primary,40.0,3
rd_00876,jn_4960830631,jn_3641907747,0.2051,primary,40.0,4
rd_00877,jn_10684915914,jn_663596569,0.5631,primary,40.0,3
rd_00878,jn_10121050217,jn_2382044454,0.1917,primary,40.0,3
rd_00879,jn_11731358826,jn_12429035787,0.7685,primary,40.0,2
rd_00880,jn_6904892124,jn_11054998686,0.411,primary,40.0,2
rd_00881,jn_428457182,jn_6991440387,0.357,primary,30.3,1
rd_00882,jn_1469034694,jn_12119649210,0.3291,primary,40.0,2
rd_00883,jn_3800587387,jn_12672273597,0.7679,trunk,50.4,3
rd_00884,jn_10198856005,jn_1177192105,0.4879,trunk,60.0,3
rd_00885,jn_11428038817,jn_12060861676,1.1014,trunk,60.0,3
rd_00886,jn_2387123504,jn_1083500529,0.217,trunk,50.0,3
rd_00887,jn_1645178612,jn_650141496,0.7544,trunk,60.0,3
rd_00888,jn_13337723222,jn_2509423122,0.2033,trunk,78.0,2
rd_00889,jn_12765645851,jn_10781678444,0.9587,trunk,40.0,3
rd_00890,jn_3803132067,jn_1614318730,0.5344,trunk,60.0,3
rd_00891,jn_10147078393,jn_2406966812,0.7479,trunk,60.0,3
rd_00892,jn_12129307874,jn_4105324822,0.0674,trunk,60.0,3
rd_00893,jn_3800594551,jn_442107275,0.5174,trunk,60.0,3
rd_00894,jn_14016958980,jn_1467779068,0.3248,primary,40.0,2
rd_00895,jn_4030004338,jn_2105846890,0.0608,primary,40.0,2
rd_00897,jn_298815587,jn_13392231543,0.0944,primary,40.0,2
rd_00898,jn_11405479407,jn_1454651961,0.43,primary,38.8,2
rd_00899,jn_12896232268,jn_12580905289,0.0527,primary,40.0,2
rd_00900,jn_12896232268,jn_4830093911,0.1328,primary,40.0,2
rd_00901,jn_1636820490,jn_12121597668,0.5155,primary,40.0,2
rd_00902,jn_11054998686,jn_1537844513,0.0563,primary,40.0,2
rd_00903,jn_12099941385,jn_1307598719,0.0338,primary,40.0,3
rd_00904,jn_249082836,jn_660676770,0.4299,primary,40.0,4
rd_00905,jn_5558684078,jn_1780334138,0.3627,trunk,40.5,2
rd_00906,jn_11308901224,jn_435688175,2.1533,trunk,50.0,2
rd_00907,jn_10154170779,jn_10001436747,0.3619,primary,40.0,2
rd_00908,jn_446892447,jn_11891258386,1.3139,primary,40.0,2
rd_00909,jn_2189688559,jn_248459877,0.8261,primary,27.8,4
rd_00910,jn_246171016,jn_1568922443,0.6867,primary,40.0,5
rd_00911,jn_1070314187,jn_6137413199,1.0128,primary,40.0,2
rd_00912,jn_308232359,jn_1467779068,0.3186,primary,40.0,2
rd_00913,jn_2509428534,jn_1723790725,0.1087,trunk,60.0,3
rd_00914,jn_2268121004,jn_13459522650,1.3524,primary,40.0,2
rd_00915,jn_3170033020,jn_12531390537,0.4258,primary,40.0,3
rd_00916,jn_14084916811,jn_13344267422,1.0903,primary,40.0,2
rd_00917,jn_3800594551,jn_442107152,0.1642,trunk,60.0,3
rd_00918,jn_4703745979,jn_4703745954,0.9573,primary,40.0,2
rd_00919,jn_6463361105,jn_1355297532,1.325,primary,40.0,2
rd_00920,jn_10089395705,jn_4730100137,0.455,trunk,60.0,2
rd_00921,jn_4730100143,jn_6852266950,0.0988,trunk,50.0,2
rd_00922,jn_11846423575,jn_4730100137,0.2996,trunk_link,35.9,2
rd_00923,jn_13075406637,jn_12273334034,0.2645,trunk,50.0,1
rd_00924,jn_13075406637,jn_10123822807,0.147,trunk,50.0,1
rd_00925,jn_1707859994,jn_4030004338,0.1044,primary,40.0,2
rd_00926,jn_5558663791,jn_11868458683,0.0811,primary,36.6,2
rd_00927,jn_12068481111,jn_1837378469,0.2204,primary_link,30.0,2
rd_00928,jn_5559151374,jn_7124643395,0.3078,primary,40.0,2
rd_00929,jn_5558663790,jn_3820268530,0.1946,primary,40.0,2
rd_00930,jn_11898860861,jn_3393612016,0.4219,primary,40.0,2
rd_00931,jn_11342970531,jn_1650305476,0.0779,primary,40.0,3
rd_00932,jn_427531036,jn_5558684093,0.3173,primary,40.0,2
rd_00933,jn_5559151372,jn_5558663792,0.4986,primary,40.0,2
rd_00934,jn_12538710573,jn_249144370,2.1475,trunk,45.1,2
rd_00935,jn_10076140416,jn_7697940571,0.0224,primary,40.0,3
rd_00936,jn_10075533189,jn_10706501852,0.1375,primary,40.0,3
rd_00937,jn_3740962463,jn_4960830631,0.786,primary,40.0,3
rd_00938,jn_6132913640,jn_11494414329,1.6607,primary,33.2,2
rd_00939,jn_249081146,jn_249083738,1.5294,trunk,49.9,2
rd_00940,jn_1636820490,jn_12430010318,0.5246,primary,40.0,2
rd_00941,jn_286679575,jn_1636820523,0.354,primary,40.0,2
rd_00942,jn_3740962448,jn_7697940570,0.0892,primary,40.0,3
rd_00943,jn_10001402819,jn_3740962455,0.1084,primary,40.0,2
rd_00944,jn_7697940570,jn_3740962222,0.1091,primary,40.0,3
rd_00945,jn_3740962222,jn_11915994482,0.4852,primary,40.0,3
rd_00946,jn_12740817760,jn_12183377237,0.0369,primary,40.0,2
rd_00947,jn_6017833813,jn_7262972972,0.7188,primary,40.0,2
rd_00948,jn_7479003431,jn_4307434915,2.4692,primary,40.0,3
rd_00949,jn_663596569,jn_663596583,0.1049,primary,40.0,2
rd_00950,jn_429724018,jn_427531054,0.6852,primary,40.0,2
rd_00951,jn_1723827217,jn_12709621386,0.252,primary,60.0,3
rd_00952,jn_11306430809,jn_12451306639,0.3513,primary,60.0,3
rd_00953,jn_1177192105,jn_983351475,2.0136,primary,40.0,3
rd_00954,jn_11070754935,jn_266371138,0.9725,trunk,60.0,5
rd_00955,jn_11070754935,jn_10056058174,0.8086,trunk,60.0,3
rd_00956,jn_1827634843,jn_11865827584,0.2895,primary,49.6,2
rd_00957,jn_5774292417,jn_1827634843,0.0599,primary,50.0,5
rd_00958,jn_11892824102,jn_11977577698,0.6966,trunk,60.0,3
rd_00959,jn_11494185468,jn_7279246841,0.2627,primary,40.0,3
rd_00960,jn_11494185468,jn_260911861,0.5634,primary,40.0,3
rd_00961,jn_334473824,jn_11854316018,0.1076,primary,30.0,3
rd_00962,jn_663311696,jn_3943327591,0.1219,primary,40.0,4
rd_00963,jn_665062621,jn_3943327591,0.6291,primary,40.0,4
rd_00964,jn_10073477368,jn_459656124,0.4836,primary,40.0,2
rd_00965,jn_1442068027,jn_248181106,1.359,primary,50.0,2
rd_00966,jn_10091564875,jn_247991552,0.872,primary,40.0,2
rd_00967,jn_1472878464,jn_6130636339,0.0316,trunk_link,35.0,2
rd_00968,jn_1912811931,jn_248181106,0.5244,primary,50.0,2
rd_00969,jn_12165431788,jn_2177268811,0.5245,primary,50.0,2
rd_00970,jn_5370844739,jn_6342124094,0.4615,trunk,60.0,3
rd_00971,jn_11891177921,jn_699690700,0.1963,trunk,44.1,2
rd_00972,jn_5776596292,jn_5773497557,0.3372,primary,50.0,3
rd_00973,jn_1472248447,jn_11964440743,0.3305,primary,60.0,3
rd_00974,jn_428457143,jn_428457157,0.0265,primary,40.0,2
rd_00975,jn_12159312919,jn_1668866520,0.7264,primary,40.0,2
rd_00976,jn_12709656496,jn_6852266950,0.5794,trunk,60.0,2
rd_00977,jn_13242907743,jn_1836983389,1.1088,motorway,60.0,3
rd_00978,jn_13242907757,jn_13652819893,1.1696,motorway,60.0,2
rd_00979,jn_6484995894,jn_6484995887,0.3515,trunk,50.0,2
rd_00980,jn_11283487985,jn_11854316017,0.1492,primary,30.0,2
rd_00981,jn_11865827584,jn_2407745357,3.404,trunk,57.3,3
rd_00982,jn_2099691626,jn_13823559215,0.8133,primary,50.0,3
rd_00983,jn_308232372,jn_308232375,0.3525,primary,40.0,2
rd_00984,jn_2140200904,jn_3351054485,0.274,trunk_link,35.0,2
rd_00985,jn_1067789545,jn_1067781007,0.3191,primary,20.0,2
rd_00986,jn_11846423569,jn_11846423573,0.0498,trunk_link,38.1,2
rd_00987,jn_428457189,jn_1067789545,0.077,primary,33.4,2
rd_00988,jn_11841864042,jn_1837823395,0.1265,primary,40.0,2
rd_00989,jn_12433308233,jn_3756218772,0.0981,primary,40.0,3
rd_00990,jn_11055003321,jn_2014710885,0.5742,primary,37.8,2
rd_00991,jn_1614318730,jn_1614318635,0.551,trunk_link,35.0,2
rd_00992,jn_2190851942,jn_429723996,0.5119,primary_link,32.7,2
rd_00993,jn_12466460039,jn_12145575442,0.3055,primary,40.0,2
rd_00994,jn_309594299,jn_362419387,0.5315,trunk_link,40.0,2
rd_00995,jn_650085372,jn_11306430808,0.0688,primary,60.0,2
rd_00996,jn_650085372,jn_1070361761,0.3009,primary,60.0,2
rd_00997,jn_7105069820,jn_13505974163,0.7652,primary,40.0,4
rd_00998,jn_13242907743,jn_248671287,1.5171,trunk,50.0,2
rd_00999,jn_429001182,jn_429231089,0.0861,primary_link,30.0,2
rd_01000,jn_2473493601,jn_4903183637,0.4589,primary,27.7,3
rd_01001,jn_428457162,jn_428457171,0.2543,primary,40.0,2
rd_01002,jn_11854316017,jn_4044263600,0.0199,primary,38.1,2
rd_01003,jn_248459877,jn_11283487985,0.5027,primary,33.0,3
rd_01004,jn_4903183637,jn_13459522650,0.8743,primary,39.7,3
rd_01005,jn_2105846890,jn_5558684104,0.8491,primary,40.0,2
rd_01006,jn_3356616807,jn_1650296797,0.2601,primary,40.0,3
rd_01007,jn_11420343302,jn_665062617,0.842,primary,40.0,4
rd_01008,jn_494238127,jn_247974980,0.2094,primary_link,30.0,2
rd_01009,jn_12145487314,jn_12145487311,0.0209,primary,40.0,2
rd_01010,jn_4380549643,jn_7142722739,0.6759,primary,40.0,2
rd_01011,jn_1931866151,jn_4380549647,0.6633,primary,40.0,2
rd_01012,jn_1837378469,jn_5558663792,0.5334,primary,40.0,2
rd_01013,jn_9910066830,jn_2189688559,0.2372,primary,38.0,4
rd_01014,jn_428457180,jn_428457189,0.326,primary,40.0,2
rd_01015,jn_4380549643,jn_5346634656,1.2735,primary,40.0,2
rd_01016,jn_3352035441,jn_11912120361,0.8573,primary,40.0,3
rd_01017,jn_7276500276,jn_12141911057,0.2147,primary,40.0,4
rd_01018,jn_248809645,jn_7287551945,0.3428,primary,40.0,2
rd_01019,jn_12186005568,jn_308915759,0.6783,primary,40.0,2
rd_01020,jn_308915757,jn_7277381418,0.1684,primary,40.0,2
rd_01021,jn_412905225,jn_296030040,0.1389,primary,40.0,2
rd_01022,jn_14016958980,jn_12068481129,0.2172,primary,40.0,2
rd_01023,jn_14016958980,jn_1109138340,0.2599,primary,40.0,3
rd_01024,jn_4620958796,jn_11308901220,1.8673,trunk,50.0,2
rd_01025,jn_12136946747,jn_12692472177,0.8611,primary,40.0,3
rd_01026,jn_308232863,jn_2066368541,0.868,primary,40.0,2
rd_01027,jn_9632587601,jn_9632587606,0.6114,primary,40.0,2
rd_01028,jn_249083003,jn_12139153726,0.8215,primary,40.0,3
rd_01029,jn_747663279,jn_6463569335,0.0521,primary,40.0,1
rd_01030,jn_9870839677,jn_1537844513,0.1588,primary_link,30.0,2
rd_01031,jn_9870839694,jn_9870839700,0.1557,primary_link,30.0,2
rd_01032,jn_11054990209,jn_1636820472,0.2612,primary,40.0,2
rd_01033,jn_249585502,jn_5346634656,0.0621,primary,40.0,2
rd_01034,jn_1837339316,jn_429231089,0.3692,primary,40.0,2
rd_01035,jn_2471287780,jn_13748051109,0.6776,trunk,60.0,3
rd_01036,jn_1837823406,jn_11841864042,0.0618,primary,40.0,2
rd_01037,jn_6768492744,jn_4380549647,0.9284,primary,40.0,2
rd_01038,jn_428457143,jn_12110804692,0.6529,primary,40.0,2
rd_01039,jn_1820411828,jn_11152753310,0.7355,primary,40.0,2
rd_01040,jn_12759058196,jn_2402397423,1.0999,primary,39.9,2
rd_01041,jn_10054362309,jn_308232863,1.0845,primary,40.0,2
rd_01042,jn_4976834425,jn_10091900775,0.249,primary,40.0,2
rd_01043,jn_10100128579,jn_427531039,0.6294,primary,40.0,3
rd_01044,jn_429724018,jn_429724016,0.1178,primary,40.0,2
rd_01045,jn_429724018,jn_294084041,0.0828,primary,40.0,4
rd_01046,jn_3170006921,jn_10147078393,0.2668,trunk_link,35.0,2
rd_01047,jn_10081538827,jn_12273334034,0.2082,trunk,50.0,1
rd_01048,jn_12119649210,jn_6894860920,0.3771,primary,22.9,2
rd_01049,jn_12580905276,jn_248809645,0.4149,primary,40.0,2
rd_01050,jn_7287551945,jn_14053386212,0.1131,primary,40.0,2
rd_01051,jn_12580905276,jn_7287551941,0.0402,primary,40.0,2
rd_01052,jn_13242907757,jn_3351393277,0.4207,trunk,48.7,2
rd_01053,jn_5558684074,jn_11912120362,0.3338,primary,40.0,2
rd_01054,jn_266371138,jn_2387123504,0.1311,trunk,60.0,5
rd_01055,jn_3803663193,jn_5774293614,0.0686,primary,44.2,3
rd_01056,jn_5776756937,jn_5774292417,0.4191,primary,50.0,3
rd_01057,jn_10121296057,jn_10978687876,0.3866,primary,40.0,3
rd_01058,jn_663311721,jn_11854384389,0.8039,primary,40.0,3
rd_01059,jn_298815587,jn_6132913640,0.0962,primary,40.0,2
rd_01060,jn_286654942,jn_3677662641,0.0995,primary,40.0,3
rd_01061,jn_1070361724,jn_10705897751,0.3266,primary,40.0,2
rd_01062,jn_263155937,jn_10121033916,0.1888,primary,40.0,2
rd_01063,jn_10001402819,jn_3740962430,0.0904,primary,40.0,2
rd_01064,jn_432504284,jn_1837823395,0.1487,primary,40.0,2
rd_01065,jn_249083003,jn_7142097531,0.1334,primary,40.0,2
rd_01066,jn_334473774,jn_11432458994,0.575,primary,30.0,2
rd_01067,jn_251146209,jn_10676264308,1.1222,primary,40.0,2
rd_01068,jn_9351941622,jn_12692472179,0.5103,primary,40.0,3
rd_01069,jn_251099557,jn_256093166,0.347,primary,40.0,2
rd_01070,jn_11405479407,jn_10648669088,0.3363,primary,40.0,2
rd_01071,jn_11896602259,jn_12060646333,0.4127,trunk,50.0,3
rd_01072,jn_6768492744,jn_249585502,0.4177,primary,40.0,2
rd_01073,jn_10684915914,jn_3740962472,0.2873,primary,40.0,3
rd_01074,jn_249140778,jn_1442068027,0.0866,primary,46.4,2
rd_01075,jn_13072953748,jn_4582284826,0.7299,primary,40.0,2
rd_01076,jn_7288010086,jn_699576794,1.685,primary,40.0,2
rd_01077,jn_11912120361,jn_9713090750,0.4591,primary,40.0,2
rd_01078,jn_1232953300,jn_11854316018,0.0596,primary,40.0,2
rd_01079,jn_12151470604,jn_12466460039,0.6813,primary,30.0,2
rd_01080,jn_12466460036,jn_12145575442,0.3056,primary,40.0,2
rd_01081,jn_12151470605,jn_12466460038,0.6702,primary,32.5,2
rd_01082,jn_699585164,jn_11308901219,1.1299,trunk,50.0,2
rd_01084,jn_9351941622,jn_12136946746,0.3561,primary,40.0,2
rd_01085,jn_10706381573,jn_2192012631,0.5247,primary,40.0,2
rd_01086,jn_248525409,jn_428457182,0.6671,primary,40.0,2
rd_01087,jn_10073477368,jn_428457171,0.0631,primary,40.0,2
rd_01088,jn_2177302381,jn_2177302370,0.972,primary,45.4,2
rd_01089,jn_1523537403,jn_11664358424,0.7332,primary,26.8,3
rd_01090,jn_1289956546,jn_4030004338,0.8811,primary,37.9,3
rd_01091,jn_1289956546,jn_1523537403,0.366,primary,40.0,2
rd_01092,jn_12740817760,jn_443224605,0.3469,primary,40.0,2
rd_01093,jn_1820387918,jn_13830269254,0.6998,primary,40.0,2
rd_01094,jn_12553312315,jn_10100128579,0.342,primary,40.0,2
rd_01095,jn_10075533183,jn_10011206080,0.1361,primary,30.0,2
rd_01096,jn_494271084,jn_11664293096,0.6371,trunk,45.5,3
rd_01097,jn_6904207694,jn_11150162310,0.4212,trunk,60.0,2
rd_01100,jn_4730100137,jn_699585164,0.9113,trunk,54.6,2
rd_01101,jn_12159312913,jn_2228006075,0.0257,primary,40.0,2
rd_01102,jn_12139082473,jn_249141559,0.3068,primary,40.0,2
rd_01103,jn_12136946748,jn_3800594551,2.431,primary,40.0,3
rd_01104,jn_12128943145,jn_12077162815,0.4189,primary,40.0,2
rd_01105,jn_6130070511,jn_12278137174,0.9008,primary,50.0,3
rd_01106,jn_12279397378,jn_264845660,0.5951,primary,49.7,3
rd_01107,jn_2411859758,jn_3298493355,2.3219,primary,40.0,2
rd_01108,jn_3756218772,jn_11054990209,0.1986,primary,40.0,3
rd_01109,jn_1537844513,jn_6904901489,0.1154,primary,40.0,2
rd_01110,jn_3756218751,jn_3755576616,0.1382,primary,40.0,2
rd_01111,jn_3756218751,jn_9870839694,0.0633,primary,40.0,2
rd_01112,jn_3756218751,jn_6904892154,0.175,primary_link,30.0,2
rd_01113,jn_11727919672,jn_9870839677,0.1006,primary_link,30.0,3
rd_01114,jn_6904892154,jn_9870839677,0.169,primary_link,30.0,2
rd_01115,jn_2190851942,jn_3755575732,0.6438,primary,40.0,4
rd_01116,jn_11927462288,jn_618248521,0.6348,trunk,60.0,3
rd_01117,jn_11927462288,jn_6884196049,0.2705,trunk,60.0,3
rd_01118,jn_11150162310,jn_6168147249,0.4785,trunk,60.0,2
rd_01119,jn_11873442663,jn_6342124101,0.9799,trunk,39.5,3
rd_01120,jn_2407745357,jn_12129307874,1.2544,trunk,60.0,3
rd_01121,jn_1645178612,jn_12203527486,0.4865,primary,34.1,2
rd_01122,jn_12430010319,jn_12260962526,0.024,primary,40.0,2
rd_01123,jn_7288010086,jn_7287984426,0.1214,primary,40.0,2
rd_01124,jn_10792812731,jn_7287518236,0.9671,primary,40.0,2
rd_01125,jn_1070314234,jn_12060646334,1.4236,trunk,50.0,2
rd_01126,jn_12060646333,jn_309594299,1.4186,trunk,54.6,2
rd_01127,jn_2017901929,jn_247991552,1.1296,primary,39.0,2
rd_01128,jn_458263319,jn_1469034722,0.092,primary,40.2,2
rd_01129,jn_1845220002,jn_296030040,0.189,primary,40.0,2
rd_01130,jn_6463361106,jn_9840444265,0.1593,primary,40.0,2
rd_01131,jn_13928938241,jn_11509998741,0.3672,trunk_link,35.0,2
rd_01132,jn_11260020609,jn_12060861662,0.8968,trunk,51.3,3
rd_01133,jn_11509998750,jn_11509998741,0.7312,trunk,53.3,3
rd_01134,jn_7434977622,jn_412905242,0.3789,primary,40.0,2
rd_01135,jn_699585967,jn_4730100143,0.3442,trunk,50.0,2
rd_01136,jn_6137413199,jn_11308901218,0.0593,primary,40.0,2
rd_01137,jn_1780334125,jn_560642468,2.7107,trunk,50.0,2
rd_01138,jn_7279481220,jn_10695037231,5.4748,motorway,80.6,4
rd_01139,jn_1820387918,jn_2402397430,0.4514,primary,40.0,2
rd_01140,jn_5559151374,jn_11873241829,0.6099,primary,40.0,2
rd_01141,jn_446892447,jn_14084916811,0.2132,primary,40.0,2
rd_01142,jn_1282881076,jn_10676264308,1.3189,primary,37.8,2
rd_01143,jn_11891177922,jn_11891038829,0.0921,primary,40.0,2
rd_01144,jn_11626423750,jn_12692472178,1.0778,primary,40.0,2
rd_01145,jn_286681963,jn_1282881076,0.1255,primary_link,30.0,2
rd_01146,jn_286654942,jn_286681963,0.165,primary_link,30.0,2
rd_01147,jn_12067366799,jn_298775392,0.3015,primary,40.0,2
rd_01148,jn_298775277,jn_298815587,0.3376,primary_link,30.0,2
rd_01149,jn_1836983152,jn_1836983204,0.1751,motorway,80.0,4
rd_01150,jn_7279481222,jn_1836983152,5.4734,motorway,80.0,4
rd_01151,jn_1070361724,jn_9506746889,0.6191,primary,40.0,3
rd_01152,jn_2017924097,jn_12165431788,0.1284,primary,50.0,2
rd_01153,jn_5067333236,jn_11664293096,0.44,primary,40.0,2
rd_01154,jn_12040966310,jn_307407783,0.2885,primary_link,40.0,2
rd_01155,jn_8239947053,jn_8239947052,0.1583,primary,40.0,2
rd_01156,jn_8239947030,jn_8239947075,0.1578,primary,40.0,2
rd_01157,jn_12059785443,jn_12059785441,0.1118,trunk_link,35.0,2
rd_01158,jn_1634804475,jn_11890386335,0.888,trunk,54.6,3
rd_01159,jn_1129371503,jn_1634804563,0.7673,trunk,57.2,3
rd_01160,jn_11846775959,jn_2411859758,0.9501,trunk,55.3,3
rd_01161,jn_12672273597,jn_442107275,0.5424,trunk,60.0,3
rd_01162,jn_12067366803,jn_5639672729,0.3337,primary,40.0,2
rd_01163,jn_2509423121,jn_4105324822,0.0871,trunk,80.0,2
rd_01164,jn_5370844739,jn_12164906649,0.2321,trunk,50.0,3
rd_01165,jn_11865827584,jn_1319974914,0.6519,trunk,59.1,3
rd_01166,jn_429286743,jn_12099921832,0.4163,primary,40.0,2
rd_01167,jn_2630925128,jn_12099921833,0.407,primary,40.0,3
rd_01168,jn_2472174963,jn_6454765746,0.7302,primary,60.0,3
rd_01169,jn_4845178134,jn_6454765747,0.6477,primary,60.0,2
rd_01170,jn_249081348,jn_663313892,0.1071,primary,40.0,6
rd_01171,jn_11889038543,jn_11889038534,0.1666,primary_link,30.0,2
rd_01172,jn_2446058688,jn_11308901220,1.6357,trunk,50.0,2
rd_01173,jn_12141911045,jn_12141911062,0.0322,primary,40.0,2
rd_01174,jn_1560168984,jn_1560168993,0.1478,primary,35.2,4
rd_01175,jn_6904901489,jn_9870839694,0.2008,primary,40.0,2
rd_01176,jn_343338911,jn_12099921833,0.4585,primary,40.0,3
rd_01178,jn_12141911045,jn_12141911042,0.0387,primary,40.0,2
rd_01179,jn_6474747113,jn_3351054485,0.241,trunk_link,35.0,2
rd_01180,jn_2017901962,jn_2385104004,1.1207,primary,39.1,2
rd_01181,jn_1837378526,jn_9632587601,0.8507,primary,40.0,2
rd_01182,jn_13748051108,jn_5067333236,0.949,primary_link,34.4,2
rd_01183,jn_4307434916,jn_9708788396,2.474,primary,40.0,2
rd_01184,jn_10980051591,jn_12141911057,0.0294,primary,40.0,2
rd_01185,jn_13344267422,jn_1837378526,1.2197,primary,40.0,2
rd_01186,jn_620136201,jn_11152753307,0.2681,primary_link,30.0,2
rd_01187,jn_5558684104,jn_7280461394,0.4857,primary,40.0,2
rd_01188,jn_1837595307,jn_5396225498,1.1659,primary,40.0,2
rd_01189,jn_12279397378,jn_6884208291,0.503,primary,49.8,3
rd_01190,jn_442075239,jn_6182547078,0.0839,trunk,60.0,3
rd_01191,jn_4761188839,jn_10043935989,0.4675,primary,40.0,2
rd_01192,jn_12638260402,jn_6518859300,0.7605,trunk,60.0,3
rd_01193,jn_494076705,jn_10123822807,1.7135,trunk,50.0,2
rd_01194,jn_5558684129,jn_687332600,0.5036,primary,40.0,2
rd_01195,jn_956653671,jn_13985347515,0.7102,primary,40.0,2
rd_01196,jn_494271104,jn_12638260402,0.1971,trunk,60.0,3
rd_01197,jn_5370756307,jn_11509998750,0.3884,trunk_link,35.0,2
rd_01198,jn_12617824683,jn_10282769895,0.0476,primary,40.0,2
rd_01199,jn_12648799090,jn_6484995887,0.3227,trunk,60.0,2
rd_01200,jn_12709656496,jn_6168147249,0.4556,trunk,60.0,2
rd_01201,jn_2268121004,jn_298830984,1.4786,primary,40.0,2
rd_01202,jn_5281838501,jn_412905242,0.3791,primary,40.0,2
rd_01203,jn_12803586900,jn_12827961143,0.0246,primary,40.0,2
rd_01204,jn_362419387,jn_11308901218,1.019,trunk,57.3,2
rd_01205,jn_1070314200,jn_11308901224,1.0014,trunk,50.0,2
rd_01206,jn_1912811931,jn_1723827217,1.2881,primary,50.0,2
rd_01207,jn_306591433,jn_2017924097,1.0863,primary,50.0,2
rd_01208,jn_306611194,jn_12969313169,1.0736,primary_link,37.3,2
rd_01209,jn_12969313169,jn_13075406637,0.1784,primary_link,40.0,2
rd_01210,jn_8239947053,jn_7287518236,0.4657,primary,40.0,2
rd_01211,jn_12648799090,jn_733498647,0.464,trunk,50.7,2
rd_01212,jn_13820094376,jn_12059785439,0.4952,trunk,50.3,3
rd_01213,jn_1067769842,jn_13321896550,0.0203,primary,40.0,2
rd_01214,jn_13379577435,jn_8239947052,1.2613,primary,40.0,2
rd_01215,jn_13379577436,jn_8239947075,1.2623,primary,40.0,2
rd_01216,jn_6484995894,jn_10089395705,2.3435,trunk,60.0,2
rd_01217,jn_13505974163,jn_12151470604,0.1582,primary,40.0,4
rd_01218,jn_560654632,jn_9644745253,1.7044,primary,40.0,2
rd_01219,jn_11268507385,jn_12060646334,1.9631,primary,40.0,2
rd_01220,jn_251099555,jn_298775277,1.9352,primary,37.9,3
rd_01221,jn_13392231547,jn_1454651961,2.0754,primary,38.7,2
rd_01222,jn_13823559216,jn_11220661003,0.8997,primary,50.0,3
rd_01223,jn_4845178134,jn_13507201652,2.4973,primary,38.4,4
rd_01224,jn_2472174963,jn_2473493601,2.4339,primary,37.9,3
rd_01225,jn_429286743,jn_282765938,0.7524,primary,40.0,2
rd_01226,jn_3356003434,jn_12466460038,1.294,primary,40.0,2
rd_01227,jn_12466460037,jn_10154170779,0.6697,primary,40.0,2
rd_01228,jn_429286798,jn_1820423092,0.7006,primary,40.0,2
rd_01229,jn_4696742456,jn_12068481111,3.4713,primary,49.0,2
rd_01230,jn_308069178,jn_12068481108,3.4675,primary,49.0,2
rd_01231,jn_12683580002,jn_11977577698,0.4823,trunk,60.0,3
rd_01232,jn_7279246841,jn_12186005569,0.7912,primary,40.0,3
rd_01233,jn_308915759,jn_308915757,0.1134,primary,40.0,2
rd_01234,jn_11688206891,jn_3351393277,0.3654,trunk,40.0,2
rd_01235,jn_5558684078,jn_1833036999,0.0811,trunk,40.0,2
rd_01236,jn_13820094376,jn_6904207694,1.1178,trunk,60.0,3
rd_c_ms_gayyanapalya,jn_983351470,ms_singayyanapalya,0.6633,connector,20.0,1
rd_c_ms_shnarajapura,jn_442075239,ms_krishnarajapura,0.0533,connector,20.0,1
rd_c_ms_nniganahalli,jn_12551629150,ms_benniganahalli,0.0172,connector,20.0,1
rd_c_ms_yappanahalli,jn_3298493355,ms_baiyappanahalli,0.5946,connector,20.0,1
rd_c_ms_kananda_road,jn_9351941622,ms_swami_vivekananda_road,0.0168,connector,20.0,1
rd_c_ms__indiranagar,jn_11187974841,ms_indiranagar,0.2337,connector,20.0,1
rd_c_ms_ms_halasuru,jn_251142775,ms_halasuru,0.125,connector,20.0,1
rd_c_ms_ms_trinity,jn_10177532404,ms_trinity,0.0659,connector,20.0,1
rd_c_ms__gandhi_road,jn_7697940570,ms_mahatma_gandhi_road,0.2458,connector,20.0,1
rd_c_ms__cubbon_park,jn_663596569,ms_cubbon_park,0.01,connector,20.0,1
rd_c_ms_tion__vidhan,jn_10121296057,ms_dr__b__r__ambedkar_station__vidhan,0.0429,connector,20.0,1
rd_c_ms_n___central_,jn_3943327591,ms_sir_m__visvesvaraya_stn___central_,0.2562,connector,20.0,1
rd_c_ms_station__maj,jn_11594592050,ms_nadaprabhu_kempegowda_station__maj,0.1366,connector,20.0,1
rd_c_ms_yanna_railwa,jn_7142722739,ms_krantivira_sangolli_rayanna_railwa,0.0829,connector,20.0,1
rd_c_ms__magadi_road,jn_10042490427,ms_magadi_road,0.0701,connector,20.0,1
rd_c_ms_a_swamiji_st,jn_620136201,ms_sri_balagangadharanatha_swamiji_st,0.0547,connector,20.0,1
rd_c_ms_vijayanagara,jn_5559151372,ms_vijayanagara,0.1371,connector,20.0,1
rd_c_ms_ms_attiguppe,jn_11873241829,ms_attiguppe,0.2088,connector,20.0,1
rd_c_ms_anjali_nagar,jn_11891177922,ms_deepanjali_nagar,0.01,connector,20.0,1
rd_c_ms__mysore_road,jn_2140200904,ms_mysore_road,0.0435,connector,20.0,1
rd_c_ms_nayandahalli,jn_248671287,ms_pantharapalya___nayandahalli,0.1821,connector,20.0,1
rd_c_ms_lachenahalli,jn_4620958796,ms_yelachenahalli,0.6028,connector,20.0,1
rd_c_ms_rakash_nagar,jn_6137413199,ms_jaya_prakash_nagar,0.0499,connector,20.0,1
rd_c_ms_banashankari,jn_13985175970,ms_banashankari,0.0723,connector,20.0,1
rd_c_ms_dyalaya_road,jn_13072953748,ms_rashtreeya_vidyalaya_road,0.4587,connector,20.0,1
rd_c_ms_ms_jayanagar,jn_7287984426,ms_jayanagar,0.4488,connector,20.0,1
rd_c_ms_h_end_circle,jn_7287551945,ms_south_end_circle,0.506,connector,20.0,1
rd_c_ms_ms_lalbagh,jn_10001436746,ms_lalbagh,0.6707,connector,20.0,1
rd_c_ms_onal_college,jn_10154170779,ms_national_college,0.0745,connector,20.0,1
rd_c_ms_endra_market,jn_5558684094,ms_krishna_rajendra_market,0.0599,connector,20.0,1
rd_c_ms_ms_chickpete,jn_249144370,ms_chickpete,0.2521,connector,20.0,1
rd_c_ms_station__maj,jn_11594592050,ms_nadaprabhu_kempegowda_station__maj,0.1366,connector,20.0,1
rd_c_ms_sampige_road,jn_429724018,ms_mantri_square_sampige_road,0.1081,connector,20.0,1
rd_c_ms_s_srirampura,jn_13820954186,ms_srirampura,0.6657,connector,20.0,1
rd_c_ms_kuvempu_road,jn_1109138336,ms_mahakavi_kuvempu_road,0.7037,connector,20.0,1
rd_c_ms__rajajinagar,jn_9300140602,ms_rajajinagar,0.0221,connector,20.0,1
rd_c_ms__hongasandra,jn_6212001626,ms_hongasandra,0.0609,connector,20.0,1
rd_c_ms_bommanahalli,jn_9797838896,ms_bommanahalli,0.0294,connector,20.0,1
rd_c_ms_l_silk_board,jn_12040966323,ms_central_silk_board,0.0104,connector,20.0,1
rd_c_ms_s_btm_layout,jn_494271104,ms_btm_layout,0.0205,connector,20.0,1
rd_c_ms_eva_hospital,jn_4701311831,ms_jayadeva_hospital,0.0116,connector,20.0,1
rd_c_ms_ms_ragigudda,jn_8239947053,ms_ragigudda,0.0123,connector,20.0,1
rd_c_bs_s_2394052182,jn_5558684093,bs_2394052182,0.01,connector,20.0,1
rd_c_bs__12512417633,jn_1435578877,bs_12512417633,0.01,connector,20.0,1
rd_c_bs__10043935990,jn_1472248456,bs_10043935990,0.01,connector,20.0,1
rd_c_bs_s_1837823396,jn_7142097531,bs_1837823396,0.01,connector,20.0,1
rd_c_bs__12512417639,jn_429724018,bs_12512417639,0.01,connector,20.0,1
rd_c_bs_s_1836940316,jn_7105069820,bs_1836940316,0.01,connector,20.0,1
rd_c_bs_s_1820435756,jn_5558663791,bs_1820435756,0.01,connector,20.0,1
rd_c_bs_s_1474827886,jn_5558663792,bs_1474827886,0.01,connector,20.0,1
rd_c_bs_s_2515008626,jn_6168147249,bs_2515008626,0.01,connector,20.0,1
rd_c_bs__10680109579,jn_4937863371,bs_10680109579,0.01,connector,20.0,1
rd_c_bs_s_7277381417,jn_7277381418,bs_7277381417,0.01,connector,20.0,1
rd_c_bs_s_6495482463,jn_10853180817,bs_6495482463,0.01,connector,20.0,1
rd_c_bs_s_3276659128,jn_6132913640,bs_3276659128,0.01,connector,20.0,1
rd_c_bs_s_4817968427,jn_2407745357,bs_4817968427,0.01,connector,20.0,1
rd_c_bs_s_1474854800,jn_11891258386,bs_1474854800,0.01,connector,20.0,1
rd_c_bs_s_5776699920,jn_2099691626,bs_5776699920,0.01,connector,20.0,1
rd_c_bs_s_4546441991,jn_5558684078,bs_4546441991,0.01,connector,20.0,1
rd_c_bs__10855370151,jn_1837285030,bs_10855370151,0.01,connector,20.0,1
rd_c_bs__14098502906,jn_13793214289,bs_14098502906,0.01,connector,20.0,1
rd_c_bs_s_4159540542,jn_5559151372,bs_4159540542,0.01,connector,20.0,1
rd_c_bs_s_1466857947,jn_13076886164,bs_1466857947,0.01,connector,20.0,1
rd_c_bs_s_7294299969,jn_1472248431,bs_7294299969,0.0104,connector,20.0,1
rd_c_bs_s_9910066832,jn_428420786,bs_9910066832,0.0112,connector,20.0,1
rd_c_bs_s_3170452368,jn_11955031767,bs_3170452368,0.0114,connector,20.0,1
rd_c_bs__10068685437,jn_12067366802,bs_10068685437,0.0115,connector,20.0,1
rd_c_bs_s_6495482457,jn_10123822807,bs_6495482457,0.0117,connector,20.0,1
rd_c_bs_s_3804880032,jn_10118500634,bs_3804880032,0.0119,connector,20.0,1
rd_c_bs_s_6461616258,jn_12159312912,bs_6461616258,0.0122,connector,20.0,1
rd_c_bs_s_1698055294,jn_5558684074,bs_1698055294,0.0123,connector,20.0,1
rd_c_bs_s_5993280674,jn_6017833813,bs_5993280674,0.0123,connector,20.0,1
rd_c_bs_s_7139674988,jn_2140200904,bs_7139674988,0.0123,connector,20.0,1
rd_c_bs_s_1474835884,jn_7124643395,bs_1474835884,0.0124,connector,20.0,1
rd_c_bs__10043935987,jn_2472174963,bs_10043935987,0.0124,connector,20.0,1
rd_c_bs_s_2007574677,jn_5558684094,bs_2007574677,0.0125,connector,20.0,1
rd_c_bs__11955000967,jn_266371138,bs_11955000967,0.0127,connector,20.0,1
rd_c_bs__12328471499,jn_260911861,bs_12328471499,0.0139,connector,20.0,1
rd_c_bs_s_7156865447,jn_665045355,bs_7156865447,0.0139,connector,20.0,1
rd_c_bs_s_6210612248,jn_2471287780,bs_6210612248,0.0139,connector,20.0,1
rd_c_bs_s_6210612243,jn_1634804563,bs_6210612243,0.0141,connector,20.0,1
rd_c_bs_bs_296030032,jn_11937017208,bs_296030032,0.0143,connector,20.0,1
rd_c_bs_s_9633893508,jn_2189688559,bs_9633893508,0.0144,connector,20.0,1
rd_c_bs__10076263541,jn_1645178560,bs_10076263541,0.0149,connector,20.0,1
rd_c_bs_s_5484245021,jn_9351941622,bs_5484245021,0.0151,connector,20.0,1
rd_c_bs_s_2393728597,jn_7287984426,bs_2393728597,0.0163,connector,20.0,1
rd_c_bs_s_9814659994,jn_11494414329,bs_9814659994,0.0168,connector,20.0,1
rd_c_bs_s_1557291133,jn_13507201652,bs_1557291133,0.017,connector,20.0,1
rd_c_bs_s_3170450634,jn_11509998750,bs_3170450634,0.0171,connector,20.0,1
rd_c_bs__10043347906,jn_650085372,bs_10043347906,0.0179,connector,20.0,1
rd_c_bs_s_5727066678,jn_1232953300,bs_5727066678,0.0179,connector,20.0,1
rd_c_bs_s_2406823289,jn_2017901963,bs_2406823289,0.0184,connector,20.0,1
rd_c_bs_s_2406102897,jn_11494406068,bs_2406102897,0.0185,connector,20.0,1
rd_c_bs_s_6017833799,jn_6884208291,bs_6017833799,0.0186,connector,20.0,1
rd_c_bs_s_9930197146,jn_10706381573,bs_9930197146,0.0187,connector,20.0,1
rd_c_bs_s_2393971138,jn_12151470605,bs_2393971138,0.0187,connector,20.0,1
rd_c_bs_s_2513845212,jn_12709656496,bs_2513845212,0.0189,connector,20.0,1
rd_c_bs_s_5776678179,jn_264845660,bs_5776678179,0.0189,connector,20.0,1
rd_c_bs_s_2417464022,jn_248671287,bs_2417464022,0.0193,connector,20.0,1
rd_c_bs__13110965691,jn_1837757332,bs_13110965691,0.0194,connector,20.0,1
rd_c_bs_s_1806969494,jn_4380549647,bs_1806969494,0.02,connector,20.0,1
rd_c_bs_s_7140563294,jn_597084032,bs_7140563294,0.0202,connector,20.0,1
rd_c_bs_s_6210612231,jn_6904207694,bs_6210612231,0.0207,connector,20.0,1
rd_c_bs__11279815776,jn_4730100143,bs_11279815776,0.0211,connector,20.0,1
rd_c_bs_s_3740957800,jn_3387938695,bs_3740957800,0.0214,connector,20.0,1
rd_c_bs_s_2402212005,jn_308233404,bs_2402212005,0.0214,connector,20.0,1
rd_c_bs_s_1839942326,jn_12174556588,bs_1839942326,0.0219,connector,20.0,1
rd_c_bs_s_2405375289,jn_304771894,bs_2405375289,0.022,connector,20.0,1
rd_c_bs__11229763336,jn_3800594551,bs_11229763336,0.0221,connector,20.0,1
rd_c_bs_s_2396434084,jn_11385274476,bs_2396434084,0.0221,connector,20.0,1
rd_c_bs_s_2398094147,jn_3755576612,bs_2398094147,0.0228,connector,20.0,1
rd_c_bs_s_7139631433,jn_1109138338,bs_7139631433,0.0232,connector,20.0,1
rd_c_bs_s_3170454889,jn_10147078393,bs_3170454889,0.0238,connector,20.0,1
rd_c_bs_s_2396890811,jn_459656124,bs_2396890811,0.0239,connector,20.0,1
rd_c_bs__13016547163,jn_9840444265,bs_13016547163,0.0246,connector,20.0,1
rd_c_bs_s_7201051897,jn_12068481129,bs_7201051897,0.028,connector,20.0,1
rd_c_bs_s_9820589363,jn_5370844739,bs_9820589363,0.0291,connector,20.0,1
rd_c_bs_s_2394012912,jn_7287518236,bs_2394012912,0.0301,connector,20.0,1
rd_c_bs_s_1568922532,jn_429230952,bs_1568922532,0.0302,connector,20.0,1
rd_c_bs_s_4703733899,jn_4976834425,bs_4703733899,0.0305,connector,20.0,1
rd_c_bs_s_6461616259,jn_248525402,bs_6461616259,0.0306,connector,20.0,1
rd_c_bs_s_1448635327,jn_2227865026,bs_1448635327,0.0318,connector,20.0,1
rd_c_bs_bs_316660381,jn_10100128579,bs_316660381,0.0333,connector,20.0,1
rd_c_bs_s_1067841650,jn_1232963659,bs_1067841650,0.0346,connector,20.0,1
rd_c_bs_s_1635922819,jn_12531390537,bs_1635922819,0.0356,connector,20.0,1
rd_c_bs_s_2472174924,jn_6454765747,bs_2472174924,0.0362,connector,20.0,1
rd_c_bs_s_1471687832,jn_11927462288,bs_1471687832,0.0363,connector,20.0,1
rd_c_bs_s_4597940321,jn_5558684104,bs_4597940321,0.0367,connector,20.0,1
rd_c_bs_s_1520838605,jn_9632587601,bs_1520838605,0.0375,connector,20.0,1
rd_c_bs_s_7131511277,jn_429231089,bs_7131511277,0.039,connector,20.0,1
rd_c_bs_s_1723780075,jn_9797838896,bs_1723780075,0.0402,connector,20.0,1
rd_c_bs_s_2398186487,jn_2385104004,bs_2398186487,0.0402,connector,20.0,1
rd_c_bs_s_1931886488,jn_3756218772,bs_1931886488,0.0407,connector,20.0,1
rd_c_bs__11097276373,jn_4960830631,bs_11097276373,0.0407,connector,20.0,1
rd_c_bs_s_1467246058,jn_6884057005,bs_1467246058,0.0421,connector,20.0,1
rd_c_bs_bs_446791191,jn_308232375,bs_446791191,0.0422,connector,20.0,1
rd_c_bs_s_1085530276,jn_6768492744,bs_1085530276,0.0423,connector,20.0,1
rd_c_bs_s_1488405361,jn_11594569879,bs_1488405361,0.0424,connector,20.0,1
rd_c_bs_s_2127408870,jn_699585164,bs_2127408870,0.0445,connector,20.0,1
rd_c_bs_s_7142097523,jn_11888422024,bs_7142097523,0.0459,connector,20.0,1
rd_c_bs_bs_298831024,jn_9708788396,bs_298831024,0.0504,connector,20.0,1
rd_c_bs_s_2398471620,jn_12803586900,bs_2398471620,0.0509,connector,20.0,1
rd_c_bs_s_7132495629,jn_4903183637,bs_7132495629,0.0514,connector,20.0,1
rd_c_bs_s_2397057343,jn_2446058688,bs_2397057343,0.0521,connector,20.0,1
rd_c_bs_s_5777277381,jn_7478154680,bs_5777277381,0.054,connector,20.0,1
rd_c_bs_s_2093292636,jn_6484995887,bs_2093292636,0.0564,connector,20.0,1
rd_c_bs_s_7105069825,jn_12466460038,bs_7105069825,0.0571,connector,20.0,1
rd_c_bs_s_6495482468,jn_8239947052,bs_6495482468,0.0577,connector,20.0,1
rd_c_bs_s_1723844502,jn_9509948868,bs_1723844502,0.06,connector,20.0,1
rd_c_bs_s_2512566325,jn_12060646333,bs_2512566325,0.0604,connector,20.0,1
rd_c_bs_s_6017833826,jn_1434179293,bs_6017833826,0.0618,connector,20.0,1
rd_c_bs_s_1681877270,jn_442107282,bs_1681877270,0.0639,connector,20.0,1
rd_c_bs__10295532243,jn_2571434008,bs_10295532243,0.0673,connector,20.0,1
rd_c_bs_s_1363295016,jn_12099941385,bs_1363295016,0.0719,connector,20.0,1
rd_c_bs__10763445386,jn_1836983211,bs_10763445386,0.072,connector,20.0,1
rd_c_bs_s_6140792126,jn_13985347515,bs_6140792126,0.0744,connector,20.0,1
rd_c_bs_s_6222268366,jn_1931866151,bs_6222268366,0.0753,connector,20.0,1
rd_c_bs_s_4846789823,jn_12460840938,bs_4846789823,0.0781,connector,20.0,1
rd_c_bs_s_1837297436,jn_11890755679,bs_1837297436,0.0804,connector,20.0,1
rd_c_bs_bs_249082830,jn_660676770,bs_249082830,0.0873,connector,20.0,1
rd_c_bs_s_2406090831,jn_1650296797,bs_2406090831,0.0884,connector,20.0,1
rd_c_bs_bs_573433441,jn_11664358424,bs_573433441,0.0885,connector,20.0,1
rd_c_bs_s_2393969380,jn_249083738,bs_2393969380,0.0909,connector,20.0,1
rd_c_bs__13016547167,jn_4976834447,bs_13016547167,0.0926,connector,20.0,1
rd_c_bs_s_5338944222,jn_1454651961,bs_5338944222,0.0933,connector,20.0,1
rd_c_bs__11417676432,jn_1608973482,bs_11417676432,0.0959,connector,20.0,1
rd_c_bs_s_2412945505,jn_11428038814,bs_2412945505,0.1062,connector,20.0,1
rd_c_bs_bs_663551443,jn_10121296057,bs_663551443,0.1064,connector,20.0,1
rd_c_bs_s_4349360994,jn_2177302381,bs_4349360994,0.109,connector,20.0,1
rd_c_bs__10855128077,jn_2177268811,bs_10855128077,0.112,connector,20.0,1
rd_c_bs_bs_448117694,jn_12538710573,bs_448117694,0.1132,connector,20.0,1
rd_c_bs__11195721102,jn_10001436746,bs_11195721102,0.1149,connector,20.0,1
rd_c_bs_s_2076240754,jn_14053386212,bs_2076240754,0.1192,connector,20.0,1
rd_c_bs_s_2406089988,jn_13343865545,bs_2406089988,0.1336,connector,20.0,1
rd_c_bs_s_7236205633,jn_10814827774,bs_7236205633,0.1362,connector,20.0,1
rd_c_bs__10855399618,jn_4829124435,bs_10855399618,0.1371,connector,20.0,1
rd_c_bs_s_2412142264,jn_13242907743,bs_2412142264,0.1442,connector,20.0,1
rd_c_bs_s_7156536815,jn_446892447,bs_7156536815,0.1466,connector,20.0,1
rd_c_bs_s_1185757004,jn_736207380,bs_1185757004,0.1558,connector,20.0,1
rd_c_bs_s_2468903219,jn_248459849,bs_2468903219,0.1615,connector,20.0,1
rd_c_bs_s_2623640654,jn_4307434915,bs_2623640654,0.1635,connector,20.0,1
rd_c_bs_s_2473290896,jn_12672273597,bs_2473290896,0.1709,connector,20.0,1
rd_c_bs__10855128076,jn_1442068027,bs_10855128076,0.1731,connector,20.0,1
rd_c_bs_s_1597612579,jn_3298493355,bs_1597612579,0.1811,connector,20.0,1
rd_c_bs_s_2513608690,jn_1070314200,bs_2513608690,0.1826,connector,20.0,1
rd_c_bs_s_2397087882,jn_10684915914,bs_2397087882,0.1841,connector,20.0,1
rd_c_bs_s_1820411843,jn_10042490427,bs_1820411843,0.1928,connector,20.0,1
rd_c_bs__12462551333,jn_309594299,bs_12462551333,0.1972,connector,20.0,1
rd_c_bs__13062011334,jn_13823559215,bs_13062011334,0.1988,connector,20.0,1
rd_c_bs__12531340553,jn_12139153726,bs_12531340553,0.1994,connector,20.0,1
rd_c_bs_s_2397023289,jn_13072953748,bs_2397023289,0.2092,connector,20.0,1
rd_c_bs_s_7205667885,jn_12429035787,bs_7205667885,0.2115,connector,20.0,1
rd_c_bs__12362143901,jn_11890386335,bs_12362143901,0.2263,connector,20.0,1
rd_c_bs__11897220036,jn_11892824102,bs_11897220036,0.2355,connector,20.0,1
rd_c_bs_s_3299039166,jn_1282881076,bs_3299039166,0.2368,connector,20.0,1
rd_c_bs_s_2511399368,jn_13379577436,bs_2511399368,0.2474,connector,20.0,1
rd_c_bs__11584464945,jn_4577065037,bs_11584464945,0.2492,connector,20.0,1
rd_c_pl_pro_sarjapur,jn_13823559215,pl_wipro_sarjapur,0.4111,connector,20.0,1
rd_c_pl_s_university,jn_13820094377,pl_pes_university,0.2094,connector,20.0,1
rd_c_pl_pl_home,jn_5559151372,pl_home,0.137,connector,20.0,1
rd_c_pl_pl_college,jn_428457180,pl_college,0.6603,connector,20.0,1
rd_c_pl_g_road_shops,jn_3740962222,pl_mg_road_shops,0.2365,connector,20.0,1
rd_c_pl__koramangala,jn_443224605,pl_koramangala,0.0634,connector,20.0,1
rd_c_pl_anagar_100ft,jn_11494414329,pl_indiranagar_100ft,0.0186,connector,20.0,1
rd_c_pl_l_hsr_office,jn_2407745357,pl_hsr_office,0.6634,connector,20.0,1
rd_c_pl_hankari_home,jn_12709656496,pl_banashankari_home,0.5567,connector,20.0,1
rd_c_pl_pl_jayanagar,jn_13072953748,pl_jayanagar,0.8479,connector,20.0,1
rd_c_pl_pl_majestic,jn_5558684129,pl_majestic,0.1349,connector,20.0,1
rd_c_pl_pl_domlur,jn_1282881076,pl_domlur,0.2764,connector,20.0,1
rd_c_pl_tefield_gate,jn_5370756307,pl_whitefield_gate,0.2469,connector,20.0,1
rd_c_pl_ctronic_city,jn_11927462288,pl_electronic_city,0.8158,connector,20.0,1
rd_c_pl__old_airport,jn_286681951,pl_old_airport,0.01,connector,20.0,1
