edge_id,route_id,mode,u,v,seq,distance_km,scheduled_min
tr_metro_purpleline_000,metro_purpleline,metro,ms_singayyanapalya,ms_krishnarajapura,0,1.6852,3.56
tr_metro_purpleline_001,metro_purpleline,metro,ms_krishnarajapura,ms_benniganahalli,1,1.1471,2.551
tr_metro_purpleline_002,metro_purpleline,metro,ms_benniganahalli,ms_baiyappanahalli,2,1.9709,4.095
tr_metro_purpleline_003,metro_purpleline,metro,ms_baiyappanahalli,ms_swami_vivekananda_road,3,1.0267,2.325
tr_metro_purpleline_004,metro_purpleline,metro,ms_swami_vivekananda_road,ms_indiranagar,4,1.1482,2.553
tr_metro_purpleline_005,metro_purpleline,metro,ms_indiranagar,ms_halasuru,5,1.3896,3.005
tr_metro_purpleline_006,metro_purpleline,metro,ms_halasuru,ms_trinity,6,1.187,2.626
tr_metro_purpleline_007,metro_purpleline,metro,ms_trinity,ms_mahatma_gandhi_road,7,1.2692,2.78
tr_metro_purpleline_008,metro_purpleline,metro,ms_mahatma_gandhi_road,ms_cubbon_park,8,1.1799,2.612
tr_metro_purpleline_009,metro_purpleline,metro,ms_cubbon_park,ms_dr__b__r__ambedkar_station__vidhan,9,0.8173,1.932
tr_metro_purpleline_010,metro_purpleline,metro,ms_dr__b__r__ambedkar_station__vidhan,ms_sir_m__visvesvaraya_stn___central_,10,0.8895,2.068
tr_metro_purpleline_011,metro_purpleline,metro,ms_sir_m__visvesvaraya_stn___central_,ms_nadaprabhu_kempegowda_station__maj,11,1.3197,2.874
tr_metro_purpleline_012,metro_purpleline,metro,ms_nadaprabhu_kempegowda_station__maj,ms_krantivira_sangolli_rayanna_railwa,12,0.8533,2.0
tr_metro_purpleline_013,metro_purpleline,metro,ms_krantivira_sangolli_rayanna_railwa,ms_magadi_road,13,1.1516,2.559
tr_metro_purpleline_014,metro_purpleline,metro,ms_magadi_road,ms_sri_balagangadharanatha_swamiji_st,14,1.1311,2.521
tr_metro_purpleline_015,metro_purpleline,metro,ms_sri_balagangadharanatha_swamiji_st,ms_vijayanagara,15,1.015,2.303
tr_metro_purpleline_016,metro_purpleline,metro,ms_vijayanagara,ms_attiguppe,16,1.1575,2.57
tr_metro_purpleline_017,metro_purpleline,metro,ms_attiguppe,ms_deepanjali_nagar,17,1.2223,2.692
tr_metro_purpleline_018,metro_purpleline,metro,ms_deepanjali_nagar,ms_mysore_road,18,1.0199,2.312
tr_metro_purpleline_019,metro_purpleline,metro,ms_mysore_road,ms_pantharapalya___nayandahalli,19,0.82,1.938
tr_metro_greenline_000,metro_greenline,metro,ms_yelachenahalli,ms_jaya_prakash_nagar,0,1.3886,3.004
tr_metro_greenline_001,metro_greenline,metro,ms_jaya_prakash_nagar,ms_banashankari,1,0.9148,2.115
tr_metro_greenline_002,metro_greenline,metro,ms_banashankari,ms_rashtreeya_vidyalaya_road,2,1.1055,2.473
tr_metro_greenline_003,metro_greenline,metro,ms_rashtreeya_vidyalaya_road,ms_jayanagar,3,0.8856,2.061
tr_metro_greenline_004,metro_greenline,metro,ms_jayanagar,ms_south_end_circle,4,1.032,2.335
tr_metro_greenline_005,metro_greenline,metro,ms_south_end_circle,ms_lalbagh,5,0.975,2.228
tr_metro_greenline_006,metro_greenline,metro,ms_lalbagh,ms_national_college,6,0.8656,2.023
tr_metro_greenline_007,metro_greenline,metro,ms_national_college,ms_krishna_rajendra_market,7,1.2273,2.701
tr_metro_greenline_008,metro_greenline,metro,ms_krishna_rajendra_market,ms_chickpete,8,0.7107,1.733
tr_metro_greenline_009,metro_greenline,metro,ms_chickpete,ms_nadaprabhu_kempegowda_station__maj,9,1.0496,2.368
tr_metro_greenline_010,metro_greenline,metro,ms_nadaprabhu_kempegowda_station__maj,ms_mantri_square_sampige_road,10,1.7563,3.693
tr_metro_greenline_011,metro_greenline,metro,ms_mantri_square_sampige_road,ms_srirampura,11,1.1102,2.482
tr_metro_greenline_012,metro_greenline,metro,ms_srirampura,ms_mahakavi_kuvempu_road,12,0.7736,1.851
tr_metro_greenline_013,metro_greenline,metro,ms_mahakavi_kuvempu_road,ms_rajajinagar,13,0.868,2.027
tr_metro_yellowline_000,metro_yellowline,metro,ms_hongasandra,ms_bommanahalli,0,1.2462,2.737
tr_metro_yellowline_001,metro_yellowline,metro,ms_bommanahalli,ms_central_silk_board,1,0.9238,2.132
tr_metro_yellowline_002,metro_yellowline,metro,ms_central_silk_board,ms_btm_layout,2,1.4344,3.089
tr_metro_yellowline_003,metro_yellowline,metro,ms_btm_layout,ms_jayadeva_hospital,3,0.9081,2.103
tr_metro_yellowline_004,metro_yellowline,metro,ms_jayadeva_hospital,ms_ragigudda,4,1.373,2.974
tr_bus_401n_000,bus_401n,bus,bs_1070314236,bs_2393746915,0,0.9717,3.979
tr_bus_401n_001,bus_401n,bus,bs_2393746915,bs_2397057343,1,0.7554,3.216
tr_bus_401n_002,bus_401n,bus,bs_2397057343,bs_2513834593,2,0.8473,3.541
tr_bus_401n_003,bus_401n,bus,bs_2513834593,bs_2513845212,3,0.7925,3.347
tr_bus_401n_004,bus_401n,bus,bs_2513845212,bs_2515008626,4,0.5975,2.659
tr_bus_401n_005,bus_401n,bus,bs_2515008626,bs_2515008623,5,0.6361,2.795
tr_bus_401n_006,bus_401n,bus,bs_2515008623,bs_11607676806,6,0.5094,2.348
tr_bus_401n_007,bus_401n,bus,bs_11607676806,bs_11607676804,7,0.4706,2.211
tr_bus_401n_008,bus_401n,bus,bs_11607676804,bs_2093292636,8,0.5244,2.401
tr_bus_401n_009,bus_401n,bus,bs_2093292636,bs_617540170,9,0.6379,2.801
tr_bus_401n_010,bus_401n,bus,bs_617540170,bs_11278822042,10,1.3247,5.225
tr_bus_401n_011,bus_401n,bus,bs_11278822042,bs_6227539126,11,1.4284,5.591
tr_bus_401n_012,bus_401n,bus,bs_6227539126,bs_2402212005,12,1.0453,4.239
tr_bus_401n_013,bus_401n,bus,bs_2402212005,bs_7124643396,13,0.4712,2.213
tr_bus_401n_014,bus_401n,bus,bs_7124643396,bs_2402209839,14,0.6442,2.824
tr_bus_401n_015,bus_401n,bus,bs_2402209839,bs_1474835884,15,0.3567,1.809
tr_bus_401n_016,bus_401n,bus,bs_1474835884,bs_308232838,16,0.6122,2.711
tr_bus_401n_017,bus_401n,bus,bs_308232838,bs_1474827886,17,0.6399,2.809
tr_bus_401n_018,bus_401n,bus,bs_1474827886,bs_1820435756,18,0.9761,3.995
tr_bus_401n_019,bus_401n,bus,bs_1820435756,bs_1820425367,19,0.2737,1.516
tr_bus_401n_020,bus_401n,bus,bs_1820425367,bs_2402602175,20,0.8209,3.447
tr_bus_401n_021,bus_401n,bus,bs_2402602175,bs_4935019449,21,0.5904,2.634
tr_bus_401n_022,bus_401n,bus,bs_4935019449,bs_446995812,22,0.7943,3.353
tr_bus_401n_023,bus_401n,bus,bs_446995812,bs_2398081626,23,0.3509,1.788
tr_bus_401n_024,bus_401n,bus,bs_2398081626,bs_446995809,24,0.4567,2.162
tr_bus_401n_025,bus_401n,bus,bs_446995809,bs_6347562417,25,0.2986,1.604
tr_bus_401n_026,bus_401n,bus,bs_6347562417,bs_6329060972,26,0.2707,1.505
tr_bus_401n_027,bus_401n,bus,bs_6329060972,bs_4544407101,27,0.6442,2.824
tr_bus_401n_028,bus_401n,bus,bs_4544407101,bs_4544407102,28,0.6025,2.677
tr_bus_401n_029,bus_401n,bus,bs_4544407102,bs_4544407103,29,0.5009,2.318
tr_bus_401n_030,bus_401n,bus,bs_4544407103,bs_446995829,30,0.6274,2.764
tr_bus_401n_031,bus_401n,bus,bs_446995829,bs_2394052182,31,0.5317,2.427
tr_bus_401n_032,bus_401n,bus,bs_2394052182,bs_3401990805,32,0.418,2.025
tr_bus_401n_033,bus_401n,bus,bs_3401990805,bs_446941382,33,0.2941,1.588
tr_bus_201g_000,bus_201g,bus,bs_2396429259,bs_7156942415,0,0.3207,1.682
tr_bus_201g_001,bus_201g,bus,bs_7156942415,bs_3396658477,1,0.8834,3.668
tr_bus_201g_002,bus_201g,bus,bs_3396658477,bs_2396426483,2,0.8674,3.612
tr_bus_201g_003,bus_201g,bus,bs_2396426483,bs_3310413267,3,0.473,2.219
tr_bus_201g_004,bus_201g,bus,bs_3310413267,bs_9814659993,4,0.7932,3.35
tr_bus_201g_005,bus_201g,bus,bs_9814659993,bs_1185757004,5,0.5739,2.575
tr_bus_201g_006,bus_201g,bus,bs_1185757004,bs_2396434084,6,0.5755,2.581
tr_bus_201g_007,bus_201g,bus,bs_2396434084,bs_2396434266,7,0.363,1.831
tr_bus_201g_008,bus_201g,bus,bs_2396434266,bs_3276659128,8,0.5322,2.428
tr_bus_201g_009,bus_201g,bus,bs_3276659128,bs_10068685437,9,0.7656,3.252
tr_bus_201g_010,bus_201g,bus,bs_10068685437,bs_1471781253,10,0.4815,2.249
tr_bus_201g_011,bus_201g,bus,bs_1471781253,bs_10855370151,11,1.2087,4.816
tr_bus_201g_012,bus_201g,bus,bs_10855370151,bs_10855370150,12,1.414,5.541
tr_bus_201g_013,bus_201g,bus,bs_10855370150,bs_10855370149,13,0.8963,3.713
tr_bus_201g_014,bus_201g,bus,bs_10855370149,bs_254923713,14,0.4942,2.294
tr_bus_201g_015,bus_201g,bus,bs_254923713,bs_2405375289,15,0.493,2.29
tr_bus_201g_016,bus_201g,bus,bs_2405375289,bs_2405375993,16,0.5205,2.387
tr_bus_201g_017,bus_201g,bus,bs_2405375993,bs_10855370148,17,0.6172,2.729
tr_bus_201g_018,bus_201g,bus,bs_10855370148,bs_2402577150,18,0.4744,2.224
tr_bus_201g_019,bus_201g,bus,bs_2402577150,bs_1473298101,19,0.9844,4.025
tr_bus_201g_020,bus_201g,bus,bs_1473298101,bs_10043935992,20,0.1451,1.062
tr_bus_201g_021,bus_201g,bus,bs_10043935992,bs_2509428538,21,0.5389,2.452
tr_bus_201g_022,bus_201g,bus,bs_2509428538,bs_6495482457,22,0.7413,3.166
tr_bus_201g_023,bus_201g,bus,bs_6495482457,bs_6495482458,23,0.8823,3.664
tr_bus_201g_024,bus_201g,bus,bs_6495482458,bs_9904111099,24,0.362,1.828
tr_bus_201g_025,bus_201g,bus,bs_9904111099,bs_2512617705,25,0.3609,1.824
tr_bus_201g_026,bus_201g,bus,bs_2512617705,bs_6495482463,26,0.6959,3.006
tr_bus_201g_027,bus_201g,bus,bs_6495482463,bs_6495482464,27,0.3602,1.821
tr_bus_201g_028,bus_201g,bus,bs_6495482464,bs_6495482465,28,0.3998,1.961
tr_bus_201g_029,bus_201g,bus,bs_6495482465,bs_6495482468,29,0.6169,2.727
tr_bus_201g_030,bus_201g,bus,bs_6495482468,bs_6495482470,30,0.5609,2.53
tr_bus_201g_031,bus_201g,bus,bs_6495482470,bs_10792812744,31,0.8242,3.459
tr_bus_201g_032,bus_201g,bus,bs_10792812744,bs_1070314236,32,0.7258,3.112
tr_bus_201g_000,bus_201g,bus,bs_1070314236,bs_10855399618,0,0.7732,3.279
tr_bus_201g_001,bus_201g,bus,bs_10855399618,bs_2394012912,1,0.5987,2.663
tr_bus_201g_002,bus_201g,bus,bs_2394012912,bs_524077013,2,0.7302,3.127
tr_bus_201g_003,bus_201g,bus,bs_524077013,bs_524080923,3,0.6203,2.739
tr_bus_201g_004,bus_201g,bus,bs_524080923,bs_4701346477,4,0.5439,2.47
tr_bus_201g_005,bus_201g,bus,bs_4701346477,bs_2511399368,5,0.7977,3.365
tr_bus_201g_006,bus_201g,bus,bs_2511399368,bs_2510395000,6,0.4875,2.27
tr_bus_201g_007,bus_201g,bus,bs_2510395000,bs_1466857947,7,0.3318,1.721
tr_bus_201g_008,bus_201g,bus,bs_1466857947,bs_2510395023,8,0.9839,4.023
tr_bus_201g_009,bus_201g,bus,bs_2510395023,bs_5558684110,9,0.6414,2.814
tr_bus_201g_010,bus_201g,bus,bs_5558684110,bs_7294299969,10,0.3817,1.897
tr_bus_201g_011,bus_201g,bus,bs_7294299969,bs_1837005146,11,0.7947,3.355
tr_bus_201g_012,bus_201g,bus,bs_1837005146,bs_1070361737,12,0.7121,3.063
tr_bus_201g_013,bus_201g,bus,bs_1070361737,bs_10066958372,13,0.269,1.499
tr_bus_201g_014,bus_201g,bus,bs_10066958372,bs_2405375288,14,0.151,1.083
tr_bus_201g_015,bus_201g,bus,bs_2405375288,bs_10855399617,15,0.419,2.029
tr_bus_201g_016,bus_201g,bus,bs_10855399617,bs_3016052463,16,0.7461,3.183
tr_bus_201g_017,bus_201g,bus,bs_3016052463,bs_3016052461,17,0.6905,2.987
tr_bus_201g_018,bus_201g,bus,bs_3016052461,bs_4595656668,18,1.3733,5.397
tr_bus_201g_019,bus_201g,bus,bs_4595656668,bs_325156622,19,1.2763,5.054
tr_bus_201g_020,bus_201g,bus,bs_325156622,bs_2455703300,20,0.2629,1.478
tr_bus_201g_021,bus_201g,bus,bs_2455703300,bs_1420113193,21,0.933,3.843
tr_bus_201g_022,bus_201g,bus,bs_1420113193,bs_2396434359,22,0.389,1.923
tr_bus_201g_023,bus_201g,bus,bs_2396434359,bs_1474220561,23,0.4701,2.209
tr_bus_201g_024,bus_201g,bus,bs_1474220561,bs_1232740597,24,0.5264,2.408
tr_bus_201g_025,bus_201g,bus,bs_1232740597,bs_4101455408,25,0.6791,2.947
tr_bus_201g_026,bus_201g,bus,bs_4101455408,bs_3310413267,26,0.7346,3.143
tr_bus_201g_027,bus_201g,bus,bs_3310413267,bs_4173145025,27,0.4467,2.127
tr_bus_201g_028,bus_201g,bus,bs_4173145025,bs_10855399616,28,0.8745,3.636
tr_bus_201g_029,bus_201g,bus,bs_10855399616,bs_12328481705,29,0.8969,3.715
tr_bus_201g_030,bus_201g,bus,bs_12328481705,bs_2396429259,30,0.317,1.669
tr_bus_500l_000,bus_500l,bus,bs_1070314236,bs_493556458,0,0.5673,2.552
tr_bus_500l_001,bus_500l,bus,bs_493556458,bs_2394012912,1,0.8062,3.395
tr_bus_500l_002,bus_500l,bus,bs_2394012912,bs_1473879998,2,0.2092,1.288
tr_bus_500l_003,bus_500l,bus,bs_1473879998,bs_524077013,3,0.5211,2.389
tr_bus_500l_004,bus_500l,bus,bs_524077013,bs_1463770311,4,0.3007,1.611
tr_bus_500l_005,bus_500l,bus,bs_1463770311,bs_524080923,5,0.3197,1.678
tr_bus_500l_006,bus_500l,bus,bs_524080923,bs_4701346477,6,0.5439,2.47
tr_bus_500l_007,bus_500l,bus,bs_4701346477,bs_2511399368,7,0.7977,3.365
tr_bus_500l_008,bus_500l,bus,bs_2511399368,bs_2510395000,8,0.4875,2.27
tr_bus_500l_009,bus_500l,bus,bs_2510395000,bs_1466857947,9,0.3318,1.721
tr_bus_500l_010,bus_500l,bus,bs_1466857947,bs_6497456085,10,0.9011,3.73
tr_bus_500l_011,bus_500l,bus,bs_6497456085,bs_5558684110,11,0.7221,3.099
tr_bus_500l_012,bus_500l,bus,bs_5558684110,bs_9987347294,12,0.3124,1.653
tr_bus_500l_013,bus_500l,bus,bs_9987347294,bs_6210612248,13,0.8726,3.63
tr_bus_500l_014,bus_500l,bus,bs_6210612248,bs_4817968340,14,0.6621,2.887
tr_bus_500l_015,bus_500l,bus,bs_4817968340,bs_6497456138,15,1.1799,4.714
tr_bus_500l_016,bus_500l,bus,bs_6497456138,bs_10076263541,16,0.9318,3.839
tr_bus_500l_017,bus_500l,bus,bs_10076263541,bs_5778351796,17,2.1857,8.264
tr_bus_500l_018,bus_500l,bus,bs_5778351796,bs_11955000967,18,0.3815,1.896
tr_bus_500l_019,bus_500l,bus,bs_11955000967,bs_2485933288,19,0.6412,2.813
tr_bus_500l_020,bus_500l,bus,bs_2485933288,bs_3840278215,20,0.4883,2.273
tr_bus_500l_021,bus_500l,bus,bs_3840278215,bs_3170452369,21,1.1614,4.649
tr_bus_500l_022,bus_500l,bus,bs_3170452369,bs_3170450634,22,0.9648,3.955
tr_bus_500l_023,bus_500l,bus,bs_3170450634,bs_3170437443,23,0.6993,3.018
tr_bus_500l_024,bus_500l,bus,bs_3170437443,bs_9820589363,24,6.2703,22.681
tr_bus_500l_025,bus_500l,bus,bs_9820589363,bs_9967946691,25,0.366,1.842
tr_bus_500l_026,bus_500l,bus,bs_9967946691,bs_9820589364,26,1.7579,6.754
tr_bus_500l_027,bus_500l,bus,bs_9820589364,bs_9820589365,27,0.4812,2.248
tr_bus_500l_028,bus_500l,bus,bs_9820589365,bs_2475275941,28,1.8742,7.165
tr_bus_500l_029,bus_500l,bus,bs_2475275941,bs_5631135853,29,0.9823,4.017
tr_bus_169_000,bus_169,bus,bs_1551513238,bs_7108562619,0,0.8063,3.396
tr_bus_169_001,bus_169,bus,bs_7108562619,bs_7108562617,1,0.7631,3.243
tr_bus_169_002,bus_169,bus,bs_7108562617,bs_6347562419,2,0.6582,2.873
tr_bus_169_003,bus_169,bus,bs_6347562419,bs_6329060972,3,0.7523,3.205
tr_bus_169_004,bus_169,bus,bs_6329060972,bs_4544407101,4,0.6442,2.824
tr_bus_169_005,bus_169,bus,bs_4544407101,bs_4544407102,5,0.6025,2.677
tr_bus_169_006,bus_169,bus,bs_4544407102,bs_4544407103,6,0.5009,2.318
tr_bus_169_007,bus_169,bus,bs_4544407103,bs_446995829,7,0.6274,2.764
tr_bus_169_008,bus_169,bus,bs_446995829,bs_316660381,8,0.802,3.381
tr_bus_169_009,bus_169,bus,bs_316660381,bs_3198633193,9,0.722,3.098
tr_bus_169_010,bus_169,bus,bs_3198633193,bs_3198633192,10,0.6027,2.677
tr_bus_169_011,bus_169,bus,bs_3198633192,bs_2398107511,11,1.1769,4.704
tr_bus_169_012,bus_169,bus,bs_2398107511,bs_1363295016,12,0.2952,1.592
tr_bus_169_013,bus_169,bus,bs_1363295016,bs_7108562608,13,0.6486,2.839
tr_bus_169_014,bus_169,bus,bs_7108562608,bs_249082830,14,1.1699,4.679
tr_bus_169_015,bus_169,bus,bs_249082830,bs_573433441,15,0.5941,2.647
tr_bus_169_016,bus_169,bus,bs_573433441,bs_4905837941,16,0.8058,3.394
tr_bus_169_017,bus_169,bus,bs_4905837941,bs_596446558,17,0.7536,3.21
tr_bus_169_018,bus_169,bus,bs_596446558,bs_3740957800,18,1.0429,4.231
tr_bus_169_019,bus_169,bus,bs_3740957800,bs_7108562603,19,0.4819,2.251
tr_bus_169_020,bus_169,bus,bs_7108562603,bs_2268440721,20,0.1305,1.01
tr_bus_169_021,bus_169,bus,bs_2268440721,bs_2406057217,21,0.9909,4.047
tr_bus_169_022,bus_169,bus,bs_2406057217,bs_7108562600,22,0.4723,2.217
tr_bus_169_023,bus_169,bus,bs_7108562600,bs_7108562598,23,0.272,1.51
tr_bus_169_024,bus_169,bus,bs_7108562598,bs_7108562596,24,0.653,2.855
tr_bus_169_025,bus_169,bus,bs_7108562596,bs_2406049367,25,0.7266,3.114
tr_bus_169_026,bus_169,bus,bs_2406049367,bs_1808894959,26,0.7653,3.251
tr_bus_169_027,bus_169,bus,bs_1808894959,bs_1485686875,27,0.1876,1.212
tr_bus_tr12_000,bus_tr12,bus,bs_1473255017,bs_954610757,0,0.387,1.916
tr_bus_tr12_001,bus_tr12,bus,bs_954610757,bs_954619918,1,0.3765,1.879
tr_bus_tr12_002,bus_tr12,bus,bs_954619918,bs_954620241,2,0.5057,2.335
tr_bus_tr12_003,bus_tr12,bus,bs_954620241,bs_954621288,3,0.318,1.672
tr_bus_tr12_004,bus_tr12,bus,bs_954621288,bs_2396303951,4,0.434,2.082
tr_bus_tr12_005,bus_tr12,bus,bs_2396303951,bs_248838952,5,0.294,1.588
tr_bus_tr12_006,bus_tr12,bus,bs_248838952,bs_2393971633,6,0.2772,1.528
tr_bus_tr12_007,bus_tr12,bus,bs_2393971633,bs_2393971549,7,0.4221,2.04
tr_bus_tr12_008,bus_tr12,bus,bs_2393971549,bs_2393859187,8,0.7467,3.185
tr_bus_tr12_009,bus_tr12,bus,bs_2393859187,bs_1323690429,9,0.7892,3.336
tr_bus_tr12_010,bus_tr12,bus,bs_1323690429,bs_5265674077,10,0.8551,3.568
tr_bus_tr12_011,bus_tr12,bus,bs_5265674077,bs_7093073086,11,1.1603,4.645
tr_bus_tr12_012,bus_tr12,bus,bs_7093073086,bs_1085530276,12,0.4129,2.007
tr_bus_tr12_013,bus_tr12,bus,bs_1085530276,bs_1806969494,13,1.0831,4.373
tr_bus_tr12_014,bus_tr12,bus,bs_1806969494,bs_6222268366,14,0.6596,2.878
tr_bus_tr12_015,bus_tr12,bus,bs_6222268366,bs_1820410900,15,0.209,1.288
tr_bus_tr12_016,bus_tr12,bus,bs_1820410900,bs_1820411782,16,0.445,2.12
tr_bus_tr12_017,bus_tr12,bus,bs_1820411782,bs_1820411843,17,0.5293,2.418
tr_bus_tr12_018,bus_tr12,bus,bs_1820411843,bs_6078107786,18,0.5448,2.473
tr_bus_tr12_019,bus_tr12,bus,bs_6078107786,bs_2402602175,19,0.4823,2.252
tr_bus_tr12_020,bus_tr12,bus,bs_2402602175,bs_2398080161,20,0.7448,3.179
tr_bus_tr12_021,bus_tr12,bus,bs_2398080161,bs_446995812,21,0.6398,2.808
tr_bus_tr12_022,bus_tr12,bus,bs_446995812,bs_2398081626,22,0.3509,1.788
tr_bus_tr12_023,bus_tr12,bus,bs_2398081626,bs_7093027175,23,0.4827,2.254
tr_bus_tr12_024,bus_tr12,bus,bs_7093027175,bs_6347562417,24,0.2689,1.499
tr_bus_tr12_025,bus_tr12,bus,bs_6347562417,bs_2398081977,25,0.2877,1.565
tr_bus_tr12_026,bus_tr12,bus,bs_2398081977,bs_1471781029,26,0.8023,3.382
tr_bus_k4_000,bus_k4,bus,bs_308063845,bs_2402235727,0,0.2359,1.382
tr_bus_k4_001,bus_k4,bus,bs_2402235727,bs_2402233686,1,0.3461,1.772
tr_bus_k4_002,bus_k4,bus,bs_2402233686,bs_1474854780,2,0.3006,1.611
tr_bus_k4_003,bus_k4,bus,bs_1474854780,bs_1979048420,3,0.43,2.068
tr_bus_k4_004,bus_k4,bus,bs_1979048420,bs_4546441991,4,1.3795,5.419
tr_bus_k4_005,bus_k4,bus,bs_4546441991,bs_699684331,5,0.4671,2.198
tr_bus_k4_006,bus_k4,bus,bs_699684331,bs_2402205190,6,0.6791,2.947
tr_bus_k4_007,bus_k4,bus,bs_2402205190,bs_2402196134,7,0.9087,3.757
tr_bus_k4_008,bus_k4,bus,bs_2402196134,bs_1739362330,8,3.7424,13.759
tr_bus_k4_009,bus_k4,bus,bs_1739362330,bs_452414811,9,0.975,3.991
tr_bus_k4_010,bus_k4,bus,bs_452414811,bs_2468903219,10,0.6867,2.974
tr_bus_k4_011,bus_k4,bus,bs_2468903219,bs_3356616804,11,0.7934,3.35
tr_bus_k4_012,bus_k4,bus,bs_3356616804,bs_3344494904,12,1.6536,6.386
tr_bus_k4_013,bus_k4,bus,bs_3344494904,bs_3730961538,13,0.3483,1.779
tr_bus_k4_014,bus_k4,bus,bs_3730961538,bs_1635922811,14,1.1231,4.514
tr_bus_k4_015,bus_k4,bus,bs_1635922811,bs_1698055294,15,1.2842,5.083
tr_bus_k4_016,bus_k4,bus,bs_1698055294,bs_2396425548,16,0.5726,2.571
tr_bus_k4_017,bus_k4,bus,bs_2396425548,bs_4101455408,17,1.2096,4.819
tr_bus_k4_018,bus_k4,bus,bs_4101455408,bs_3310413267,18,0.7346,3.143
tr_bus_k4_019,bus_k4,bus,bs_3310413267,bs_4173145025,19,0.4467,2.127
tr_bus_k4_020,bus_k4,bus,bs_4173145025,bs_255558064,20,0.5811,2.601
tr_bus_k4_021,bus_k4,bus,bs_255558064,bs_2477611141,21,0.4423,2.111
tr_bus_k4_022,bus_k4,bus,bs_2477611141,bs_4703733899,22,0.5868,2.621
tr_bus_k4_023,bus_k4,bus,bs_4703733899,bs_343324577,23,1.2927,5.112
tr_bus_k4_024,bus_k4,bus,bs_343324577,bs_2407104108,24,1.1852,4.733
tr_bus_k4_025,bus_k4,bus,bs_2407104108,bs_2407104618,25,0.3809,1.894
tr_bus_k1_000,bus_k1,bus,bs_5558684110,bs_2472146600,0,0.4606,2.176
tr_bus_k1_001,bus_k1,bus,bs_2472146600,bs_1837005146,1,0.7088,3.052
tr_bus_k1_002,bus_k1,bus,bs_1837005146,bs_1070361737,2,0.7121,3.063
tr_bus_k1_003,bus_k1,bus,bs_1070361737,bs_2405375288,3,0.4199,2.032
tr_bus_k1_004,bus_k1,bus,bs_2405375288,bs_3016052464,4,1.1536,4.622
tr_bus_k1_005,bus_k1,bus,bs_3016052464,bs_3016052461,5,0.6707,2.917
tr_bus_k1_006,bus_k1,bus,bs_3016052461,bs_4595656668,6,1.3733,5.397
tr_bus_k1_007,bus_k1,bus,bs_4595656668,bs_325156622,7,1.2763,5.054
tr_bus_k1_008,bus_k1,bus,bs_325156622,bs_2455703300,8,0.2629,1.478
tr_bus_k1_009,bus_k1,bus,bs_2455703300,bs_1420113193,9,0.933,3.843
tr_bus_k1_010,bus_k1,bus,bs_1420113193,bs_2396434359,10,0.389,1.923
tr_bus_k1_011,bus_k1,bus,bs_2396434359,bs_1474220561,11,0.4701,2.209
tr_bus_k1_012,bus_k1,bus,bs_1474220561,bs_1232740597,12,0.5264,2.408
tr_bus_k1_013,bus_k1,bus,bs_1232740597,bs_1488405362,13,0.8948,3.708
tr_bus_k1_014,bus_k1,bus,bs_1488405362,bs_2401658294,14,0.5688,2.557
tr_bus_k1_015,bus_k1,bus,bs_2401658294,bs_2401658592,15,0.5508,2.494
tr_bus_k1_016,bus_k1,bus,bs_2401658592,bs_4595656669,16,0.5337,2.434
tr_bus_k1_017,bus_k1,bus,bs_4595656669,bs_2949043344,17,0.6135,2.715
tr_bus_k1_018,bus_k1,bus,bs_2949043344,bs_287905435,18,1.3302,5.245
tr_bus_k1_019,bus_k1,bus,bs_287905435,bs_3304155383,19,0.5216,2.391
tr_bus_k1_020,bus_k1,bus,bs_3304155383,bs_2405357303,20,0.661,2.883
tr_bus_k1_021,bus_k1,bus,bs_2405357303,bs_596446558,21,0.9568,3.927
tr_bus_k1_022,bus_k1,bus,bs_596446558,bs_469614003,22,1.3022,5.146
tr_bus_k1_023,bus_k1,bus,bs_469614003,bs_4597940321,23,1.8622,7.123
tr_bus_k1_024,bus_k1,bus,bs_4597940321,bs_4597940322,24,0.4345,2.083
tr_bus_60a_000,bus_60a,bus,bs_5558684100,bs_2393840437,0,0.4767,2.232
tr_bus_60a_001,bus_60a,bus,bs_2393840437,bs_12462547455,1,0.528,2.414
tr_bus_60a_002,bus_60a,bus,bs_12462547455,bs_2393842689,2,0.6856,2.97
tr_bus_60a_003,bus_60a,bus,bs_2393842689,bs_11342900895,3,0.4379,2.096
tr_bus_60a_004,bus_60a,bus,bs_11342900895,bs_2649085501,4,0.48,2.244
tr_bus_60a_005,bus_60a,bus,bs_2649085501,bs_2394017317,5,0.6285,2.768
tr_bus_60a_006,bus_60a,bus,bs_2394017317,bs_2393713744,6,0.9161,3.783
tr_bus_60a_007,bus_60a,bus,bs_2393713744,bs_1838656438,7,0.6849,2.967
tr_bus_60a_008,bus_60a,bus,bs_1838656438,bs_3656290925,8,0.4027,1.971
tr_bus_60a_009,bus_60a,bus,bs_3656290925,bs_1522519253,9,0.264,1.482
tr_bus_60a_010,bus_60a,bus,bs_1522519253,bs_2393856217,10,0.7604,3.234
tr_bus_60a_011,bus_60a,bus,bs_2393856217,bs_2393971633,11,0.598,2.661
tr_bus_60a_012,bus_60a,bus,bs_2393971633,bs_2393971549,12,0.4221,2.04
tr_bus_60a_013,bus_60a,bus,bs_2393971549,bs_7105069823,13,0.7228,3.101
tr_bus_60a_014,bus_60a,bus,bs_7105069823,bs_1782180090,14,0.4327,2.077
tr_bus_60a_015,bus_60a,bus,bs_1782180090,bs_1836940316,15,0.6312,2.778
tr_bus_60a_016,bus_60a,bus,bs_1836940316,bs_5759778551,16,0.3888,1.922
tr_bus_60a_017,bus_60a,bus,bs_5759778551,bs_2402206935,17,1.1353,4.557
tr_bus_60a_018,bus_60a,bus,bs_2402206935,bs_249589952,18,0.66,2.879
tr_bus_60a_019,bus_60a,bus,bs_249589952,bs_249083662,19,0.4924,2.288
tr_bus_60a_020,bus_60a,bus,bs_249083662,bs_6227539126,20,0.9526,3.912
tr_bus_60a_021,bus_60a,bus,bs_6227539126,bs_2402212005,21,1.0453,4.239
tr_bus_60a_022,bus_60a,bus,bs_2402212005,bs_7124643396,22,0.4712,2.213
tr_bus_60a_023,bus_60a,bus,bs_7124643396,bs_2402209839,23,0.6442,2.824
tr_bus_v500ck_000,bus_v500ck,bus,bs_1070314236,bs_493556458,0,0.5673,2.552
tr_bus_v500ck_001,bus_v500ck,bus,bs_493556458,bs_2394012912,1,0.8062,3.395
tr_bus_v500ck_002,bus_v500ck,bus,bs_2394012912,bs_1473879998,2,0.2092,1.288
tr_bus_v500ck_003,bus_v500ck,bus,bs_1473879998,bs_524077013,3,0.5211,2.389
tr_bus_v500ck_004,bus_v500ck,bus,bs_524077013,bs_1463770311,4,0.3007,1.611
tr_bus_v500ck_005,bus_v500ck,bus,bs_1463770311,bs_524080923,5,0.3197,1.678
tr_bus_v500ck_006,bus_v500ck,bus,bs_524080923,bs_4701346477,6,0.5439,2.47
tr_bus_v500ck_007,bus_v500ck,bus,bs_4701346477,bs_2511399368,7,0.7977,3.365
tr_bus_v500ck_008,bus_v500ck,bus,bs_2511399368,bs_2510395000,8,0.4875,2.27
tr_bus_v500ck_009,bus_v500ck,bus,bs_2510395000,bs_1466857947,9,0.3318,1.721
tr_bus_v500ck_010,bus_v500ck,bus,bs_1466857947,bs_6497456085,10,0.9011,3.73
tr_bus_v500ck_011,bus_v500ck,bus,bs_6497456085,bs_5558684110,11,0.7221,3.099
tr_bus_v500ck_012,bus_v500ck,bus,bs_5558684110,bs_9987347294,12,0.3124,1.653
tr_bus_v500ck_013,bus_v500ck,bus,bs_9987347294,bs_6210612248,13,0.8726,3.63
tr_bus_v500ck_014,bus_v500ck,bus,bs_6210612248,bs_4817968340,14,0.6621,2.887
tr_bus_v500ck_015,bus_v500ck,bus,bs_4817968340,bs_6497456138,15,1.1799,4.714
tr_bus_v500ck_016,bus_v500ck,bus,bs_6497456138,bs_266323140,16,1.3228,5.219
tr_bus_v500ck_017,bus_v500ck,bus,bs_266323140,bs_5778351796,17,1.7439,6.705
tr_bus_v500ck_018,bus_v500ck,bus,bs_5778351796,bs_11955000967,18,0.3815,1.896
tr_bus_v500ck_019,bus_v500ck,bus,bs_11955000967,bs_2485933288,19,0.6412,2.813
tr_bus_v500ck_020,bus_v500ck,bus,bs_2485933288,bs_3170452369,20,1.6496,6.372
tr_bus_v500ck_021,bus_v500ck,bus,bs_3170452369,bs_3170450634,21,0.9648,3.955
tr_bus_v500ck_022,bus_v500ck,bus,bs_3170450634,bs_3170437443,22,0.6993,3.018
tr_bus_171g_000,bus_171g,bus,bs_2398074914,bs_2393692191,0,1.3735,5.398
tr_bus_171g_001,bus_171g,bus,bs_2393692191,bs_5335240458,1,0.5454,2.475
tr_bus_171g_002,bus_171g,bus,bs_5335240458,bs_663317710,2,1.0382,4.214
tr_bus_171g_003,bus_171g,bus,bs_663317710,bs_3356616803,3,0.7021,3.028
tr_bus_171g_004,bus_171g,bus,bs_3356616803,bs_1650296781,4,0.4841,2.258
tr_bus_171g_005,bus_171g,bus,bs_1650296781,bs_4843099635,5,0.7603,3.233
tr_bus_171g_006,bus_171g,bus,bs_4843099635,bs_6019408108,6,0.4538,2.152
tr_bus_171g_007,bus_171g,bus,bs_6019408108,bs_6019408110,7,1.2417,4.933
tr_bus_171g_008,bus_171g,bus,bs_6019408110,bs_1448635327,8,0.5781,2.59
tr_bus_171g_009,bus_171g,bus,bs_1448635327,bs_2177268803,9,0.4604,2.175
tr_bus_171g_010,bus_171g,bus,bs_2177268803,bs_3407345221,10,0.567,2.551
tr_bus_171g_011,bus_171g,bus,bs_3407345221,bs_10284348041,11,0.7519,3.204
tr_bus_171g_012,bus_171g,bus,bs_10284348041,bs_10741949231,12,0.6033,2.679
tr_bus_171g_013,bus_171g,bus,bs_10741949231,bs_2472174934,13,0.6591,2.876
tr_bus_171g_014,bus_171g,bus,bs_2472174934,bs_2945920002,14,0.7629,3.242
tr_bus_171g_015,bus_171g,bus,bs_2945920002,bs_1474432219,15,0.3442,1.765
tr_bus_171g_016,bus_171g,bus,bs_1474432219,bs_1471128637,16,0.5288,2.416
tr_bus_171g_017,bus_171g,bus,bs_1471128637,bs_1464962566,17,0.6511,2.848
tr_bus_171g_018,bus_171g,bus,bs_1464962566,bs_5803896296,18,0.5494,2.489
tr_bus_171g_019,bus_171g,bus,bs_5803896296,bs_5993280674,19,0.5848,2.614
tr_bus_171g_020,bus_171g,bus,bs_5993280674,bs_2406984944,20,0.5356,2.44
tr_bus_171g_021,bus_171g,bus,bs_2406984944,bs_1472871982,21,0.9014,3.732
tr_bus_171g_022,bus_171g,bus,bs_1472871982,bs_6019408129,22,0.5621,2.534
tr_bus_176_000,bus_176,bus,bs_5559151375,bs_2402622469,0,0.4921,2.287
tr_bus_176_001,bus_176,bus,bs_2402622469,bs_2402621863,1,0.4405,2.105
tr_bus_176_002,bus_176,bus,bs_2402621863,bs_2402209839,2,0.4401,2.103
tr_bus_176_003,bus_176,bus,bs_2402209839,bs_1474835884,3,0.3567,1.809
tr_bus_176_004,bus_176,bus,bs_1474835884,bs_308232838,4,0.6122,2.711
tr_bus_176_005,bus_176,bus,bs_308232838,bs_1474827886,5,0.6399,2.809
tr_bus_176_006,bus_176,bus,bs_1474827886,bs_1820435756,6,0.9761,3.995
tr_bus_176_007,bus_176,bus,bs_1820435756,bs_1820425367,7,0.2737,1.516
tr_bus_176_008,bus_176,bus,bs_1820425367,bs_2402602175,8,0.8209,3.447
tr_bus_176_009,bus_176,bus,bs_2402602175,bs_4935019449,9,0.5904,2.634
tr_bus_176_010,bus_176,bus,bs_4935019449,bs_446995812,10,0.7943,3.353
tr_bus_176_011,bus_176,bus,bs_446995812,bs_2398081626,11,0.3509,1.788
tr_bus_176_012,bus_176,bus,bs_2398081626,bs_446995809,12,0.4567,2.162
tr_bus_176_013,bus_176,bus,bs_446995809,bs_6347562417,13,0.2986,1.604
tr_bus_176_014,bus_176,bus,bs_6347562417,bs_6329060972,14,0.2707,1.505
tr_bus_176_015,bus_176,bus,bs_6329060972,bs_4544407101,15,0.6442,2.824
tr_bus_176_016,bus_176,bus,bs_4544407101,bs_4544407102,16,0.6025,2.677
tr_bus_176_017,bus_176,bus,bs_4544407102,bs_4544407103,17,0.5009,2.318
tr_bus_176_018,bus_176,bus,bs_4544407103,bs_446995829,18,0.6274,2.764
tr_bus_176_019,bus_176,bus,bs_446995829,bs_446995794,19,0.8023,3.382
tr_bus_176_020,bus_176,bus,bs_446995794,bs_446995784,20,0.5718,2.568
tr_bus_176_021,bus_176,bus,bs_446995784,bs_4044342168,21,0.7895,3.336
tr_bus_342f_000,bus_342f,bus,bs_2398074914,bs_5335240458,0,1.8199,6.973
tr_bus_342f_001,bus_342f,bus,bs_5335240458,bs_3356616803,1,1.7401,6.692
tr_bus_342f_002,bus_342f,bus,bs_3356616803,bs_1650296781,2,0.4841,2.258
tr_bus_342f_003,bus_342f,bus,bs_1650296781,bs_4843099635,3,0.7603,3.233
tr_bus_342f_004,bus_342f,bus,bs_4843099635,bs_6019408108,4,0.4538,2.152
tr_bus_342f_005,bus_342f,bus,bs_6019408108,bs_6019408109,5,0.5532,2.502
tr_bus_342f_006,bus_342f,bus,bs_6019408109,bs_6019408110,6,0.692,2.992
tr_bus_342f_007,bus_342f,bus,bs_6019408110,bs_1448635327,7,0.5781,2.59
tr_bus_342f_008,bus_342f,bus,bs_1448635327,bs_2177268803,8,0.4604,2.175
tr_bus_342f_009,bus_342f,bus,bs_2177268803,bs_6019408115,9,1.2708,5.035
tr_bus_342f_010,bus_342f,bus,bs_6019408115,bs_2509433159,10,1.0533,4.267
tr_bus_342f_011,bus_342f,bus,bs_2509433159,bs_2473602003,11,0.5466,2.479
tr_bus_342f_012,bus_342f,bus,bs_2473602003,bs_6019408126,12,0.9634,3.95
tr_bus_342f_013,bus_342f,bus,bs_6019408126,bs_2402578980,13,1.154,4.623
tr_bus_342f_014,bus_342f,bus,bs_2402578980,bs_6019408129,14,0.5802,2.598
tr_bus_342f_015,bus_342f,bus,bs_6019408129,bs_2402578981,15,0.3024,1.617
tr_bus_342f_016,bus_342f,bus,bs_2402578981,bs_266323140,16,1.8263,6.996
tr_bus_342f_017,bus_342f,bus,bs_266323140,bs_5778351796,17,1.7439,6.705
tr_bus_342f_018,bus_342f,bus,bs_5778351796,bs_267212842,18,0.9391,3.864
tr_bus_342f_019,bus_342f,bus,bs_267212842,bs_5776678179,19,1.2972,5.128
tr_bus_342f_020,bus_342f,bus,bs_5776678179,bs_5776699920,20,1.0148,4.132
tr_bus_342f_021,bus_342f,bus,bs_5776699920,bs_5777277381,21,1.5614,6.061
tr_bus_75b_000,bus_75b,bus,bs_5559151375,bs_2402622469,0,0.4921,2.287
tr_bus_75b_001,bus_75b,bus,bs_2402622469,bs_2402621863,1,0.4405,2.105
tr_bus_75b_002,bus_75b,bus,bs_2402621863,bs_2402209839,2,0.4401,2.103
tr_bus_75b_003,bus_75b,bus,bs_2402209839,bs_1474835884,3,0.3567,1.809
tr_bus_75b_004,bus_75b,bus,bs_1474835884,bs_308232838,4,0.6122,2.711
tr_bus_75b_005,bus_75b,bus,bs_308232838,bs_1474827886,5,0.6399,2.809
tr_bus_75b_006,bus_75b,bus,bs_1474827886,bs_1820435756,6,0.9761,3.995
tr_bus_75b_007,bus_75b,bus,bs_1820435756,bs_1820425367,7,0.2737,1.516
tr_bus_75b_008,bus_75b,bus,bs_1820425367,bs_2402602175,8,0.8209,3.447
tr_bus_75b_009,bus_75b,bus,bs_2402602175,bs_4935019449,9,0.5904,2.634
tr_bus_75b_010,bus_75b,bus,bs_4935019449,bs_446995812,10,0.7943,3.353
tr_bus_75b_011,bus_75b,bus,bs_446995812,bs_2398081626,11,0.3509,1.788
tr_bus_75b_012,bus_75b,bus,bs_2398081626,bs_446995809,12,0.4567,2.162
tr_bus_75b_013,bus_75b,bus,bs_446995809,bs_6347562417,13,0.2986,1.604
tr_bus_75b_014,bus_75b,bus,bs_6347562417,bs_6329060972,14,0.2707,1.505
tr_bus_75b_015,bus_75b,bus,bs_6329060972,bs_4544407101,15,0.6442,2.824
tr_bus_75b_016,bus_75b,bus,bs_4544407101,bs_4544407102,16,0.6025,2.677
tr_bus_75b_017,bus_75b,bus,bs_4544407102,bs_4544407103,17,0.5009,2.318
tr_bus_75b_018,bus_75b,bus,bs_4544407103,bs_446995829,18,0.6274,2.764
tr_bus_75b_019,bus_75b,bus,bs_446995829,bs_2394052182,19,0.5317,2.427
tr_bus_75b_020,bus_75b,bus,bs_2394052182,bs_3401990805,20,0.418,2.025
tr_bus_75b_021,bus_75b,bus,bs_3401990805,bs_446941382,21,0.2941,1.588
